<?xml version="1.0" encoding="UTF-8"?>
<gpx creator="StravaGPX" version="1.1" xmlns="http://www.topografix.com/GPX/1/1" xmlns:xsi="http://www.w3.org/2001/XMLSchema-instance" xsi:schemaLocation="http://www.topografix.com/GPX/1/1 http://www.topografix.com/GPX/1/1/gpx.xsd">
 <metadata>
  <name>Schomburg Tour 1k🗻 Route</name>
  <author>
   <name>Fab Mastronardi</name>
   <link href="https://www.strava.com/athletes/21027502"/>
  </author>
  <copyright author="OpenStreetMap contributors">
   <year>2020</year>
   <license>https://www.openstreetmap.org/copyright</license>
  </copyright>
  <link href="https://www.strava.com/routes/2848323642662271468"/>
 </metadata>
 <trk>
  <name>Schomburg Tour 1k🗻 Route</name>
  <link href="https://www.strava.com/routes/2848323642662271468"/>
  <type>cycling</type>
  <trkseg>
   <trkpt lat="43.84881" lon="-79.46929">
    <ele>200.83</ele>
   </trkpt>
   <trkpt lat="43.848960000000005" lon="-79.46933000000001">
    <ele>200.99000000000004</ele>
   </trkpt>
   <trkpt lat="43.84941000018533" lon="-79.46952499853727">
    <ele>201.19</ele>
   </trkpt>
   <trkpt lat="43.84986000000001" lon="-79.46972000000001">
    <ele>201.55</ele>
   </trkpt>
   <trkpt lat="43.850620000000006" lon="-79.47002">
    <ele>202.16</ele>
   </trkpt>
   <trkpt lat="43.85094" lon="-79.4701">
    <ele>202.36</ele>
   </trkpt>
   <trkpt lat="43.85166" lon="-79.46991000000001">
    <ele>203.3</ele>
   </trkpt>
   <trkpt lat="43.85230000000001" lon="-79.46985000000001">
    <ele>204.40000000000003</ele>
   </trkpt>
   <trkpt lat="43.852590000000006" lon="-79.46988">
    <ele>205.14000000000001</ele>
   </trkpt>
   <trkpt lat="43.85298" lon="-79.47004000000001">
    <ele>205.38</ele>
   </trkpt>
   <trkpt lat="43.853190000000005" lon="-79.46915000000001">
    <ele>205.67000000000002</ele>
   </trkpt>
   <trkpt lat="43.85338251088831" lon="-79.46823750884778">
    <ele>206.18000000000004</ele>
   </trkpt>
   <trkpt lat="43.85357501451622" lon="-79.46732501180442">
    <ele>206.02</ele>
   </trkpt>
   <trkpt lat="43.85376751088366" lon="-79.46641250887009">
    <ele>206.15000000000003</ele>
   </trkpt>
   <trkpt lat="43.85396" lon="-79.4655">
    <ele>205.77</ele>
   </trkpt>
   <trkpt lat="43.85414" lon="-79.46473">
    <ele>205.41</ele>
   </trkpt>
   <trkpt lat="43.854240000000004" lon="-79.46476000000001">
    <ele>205.42000000000002</ele>
   </trkpt>
   <trkpt lat="43.85427000000001" lon="-79.46463">
    <ele>205.62000000000003</ele>
   </trkpt>
   <trkpt lat="43.85490666724075" lon="-79.46489332769774">
    <ele>206.38</ele>
   </trkpt>
   <trkpt lat="43.855543333876845" lon="-79.46515666101836">
    <ele>207.91</ele>
   </trkpt>
   <trkpt lat="43.85618" lon="-79.46542000000001">
    <ele>209.19</ele>
   </trkpt>
   <trkpt lat="43.856550000000006" lon="-79.46561000000001">
    <ele>210.05</ele>
   </trkpt>
   <trkpt lat="43.856750000000005" lon="-79.46566">
    <ele>210.57</ele>
   </trkpt>
   <trkpt lat="43.85761" lon="-79.46602">
    <ele>211.98000000000002</ele>
   </trkpt>
   <trkpt lat="43.85777" lon="-79.46606000000001">
    <ele>212.66000000000003</ele>
   </trkpt>
   <trkpt lat="43.858070000000005" lon="-79.46607">
    <ele>213.23000000000002</ele>
   </trkpt>
   <trkpt lat="43.858270000000005" lon="-79.46599">
    <ele>213.56000000000003</ele>
   </trkpt>
   <trkpt lat="43.858724999929656" lon="-79.46586000103319">
    <ele>213.97000000000003</ele>
   </trkpt>
   <trkpt lat="43.85918" lon="-79.46573000000001">
    <ele>215.23</ele>
   </trkpt>
   <trkpt lat="43.859320000000004" lon="-79.46572">
    <ele>215.66000000000003</ele>
   </trkpt>
   <trkpt lat="43.85998" lon="-79.46583000000001">
    <ele>218.45</ele>
   </trkpt>
   <trkpt lat="43.86027000000001" lon="-79.46589">
    <ele>219.96</ele>
   </trkpt>
   <trkpt lat="43.86075" lon="-79.46607">
    <ele>221.68</ele>
   </trkpt>
   <trkpt lat="43.860730000000004" lon="-79.46618000000001">
    <ele>221.71</ele>
   </trkpt>
   <trkpt lat="43.860820000000004" lon="-79.46622">
    <ele>222.11</ele>
   </trkpt>
   <trkpt lat="43.860655002027706" lon="-79.4669100021104">
    <ele>219.82000000000002</ele>
   </trkpt>
   <trkpt lat="43.860490000000006" lon="-79.4676">
    <ele>218.36</ele>
   </trkpt>
   <trkpt lat="43.86043" lon="-79.46799">
    <ele>217.52</ele>
   </trkpt>
   <trkpt lat="43.86043" lon="-79.46831">
    <ele>216.63000000000002</ele>
   </trkpt>
   <trkpt lat="43.86050500357659" lon="-79.46921499893092">
    <ele>216.07000000000002</ele>
   </trkpt>
   <trkpt lat="43.860580000000006" lon="-79.47012000000001">
    <ele>216.13000000000002</ele>
   </trkpt>
   <trkpt lat="43.860690000000005" lon="-79.47068">
    <ele>216.27</ele>
   </trkpt>
   <trkpt lat="43.86101" lon="-79.47136">
    <ele>216.76</ele>
   </trkpt>
   <trkpt lat="43.861110000000004" lon="-79.47166">
    <ele>216.76</ele>
   </trkpt>
   <trkpt lat="43.86117" lon="-79.47212">
    <ele>217.04</ele>
   </trkpt>
   <trkpt lat="43.86113" lon="-79.47256">
    <ele>217.49</ele>
   </trkpt>
   <trkpt lat="43.86104" lon="-79.47287">
    <ele>217.49</ele>
   </trkpt>
   <trkpt lat="43.86077" lon="-79.47358000000001">
    <ele>217.63000000000002</ele>
   </trkpt>
   <trkpt lat="43.86043000303305" lon="-79.4744100046611">
    <ele>217.85000000000002</ele>
   </trkpt>
   <trkpt lat="43.86009000000001" lon="-79.47524">
    <ele>217.38000000000002</ele>
   </trkpt>
   <trkpt lat="43.859850010955554" lon="-79.476360008935">
    <ele>216.60000000000002</ele>
   </trkpt>
   <trkpt lat="43.859610010973" lon="-79.47748000885348">
    <ele>216.02</ele>
   </trkpt>
   <trkpt lat="43.859370000000006" lon="-79.4786">
    <ele>216.51</ele>
   </trkpt>
   <trkpt lat="43.859280002983475" lon="-79.47942500109833">
    <ele>219.22000000000003</ele>
   </trkpt>
   <trkpt lat="43.859190000000005" lon="-79.48025000000001">
    <ele>222.09</ele>
   </trkpt>
   <trkpt lat="43.859230000000004" lon="-79.48134">
    <ele>223.70000000000002</ele>
   </trkpt>
   <trkpt lat="43.85924000000001" lon="-79.4821">
    <ele>224.0</ele>
   </trkpt>
   <trkpt lat="43.859210000000004" lon="-79.48245">
    <ele>224.93</ele>
   </trkpt>
   <trkpt lat="43.859120000000004" lon="-79.48308">
    <ele>226.73000000000002</ele>
   </trkpt>
   <trkpt lat="43.85896" lon="-79.48389">
    <ele>228.49</ele>
   </trkpt>
   <trkpt lat="43.858795005523824" lon="-79.48501500307316">
    <ele>231.25</ele>
   </trkpt>
   <trkpt lat="43.858630000000005" lon="-79.48614">
    <ele>232.15</ele>
   </trkpt>
   <trkpt lat="43.85855" lon="-79.48657">
    <ele>232.3</ele>
   </trkpt>
   <trkpt lat="43.85859000000001" lon="-79.48666">
    <ele>232.39000000000001</ele>
   </trkpt>
   <trkpt lat="43.85858" lon="-79.48676">
    <ele>232.39000000000001</ele>
   </trkpt>
   <trkpt lat="43.85891" lon="-79.48684">
    <ele>234.01000000000002</ele>
   </trkpt>
   <trkpt lat="43.858990000000006" lon="-79.48695000000001">
    <ele>234.01000000000002</ele>
   </trkpt>
   <trkpt lat="43.85986500021031" lon="-79.48717999661928">
    <ele>236.37000000000003</ele>
   </trkpt>
   <trkpt lat="43.86074000000001" lon="-79.48741000000001">
    <ele>236.92000000000002</ele>
   </trkpt>
   <trkpt lat="43.860820000000004" lon="-79.48733">
    <ele>236.88</ele>
   </trkpt>
   <trkpt lat="43.861565000127314" lon="-79.48753499742293">
    <ele>236.06</ele>
   </trkpt>
   <trkpt lat="43.86231" lon="-79.48774">
    <ele>234.17000000000002</ele>
   </trkpt>
   <trkpt lat="43.862410000000004" lon="-79.48782000000001">
    <ele>233.88000000000002</ele>
   </trkpt>
   <trkpt lat="43.86325333364449" lon="-79.4880299940403">
    <ele>233.19</ele>
   </trkpt>
   <trkpt lat="43.86409666690445" lon="-79.48823999402191">
    <ele>234.63000000000002</ele>
   </trkpt>
   <trkpt lat="43.864940000000004" lon="-79.48845">
    <ele>237.81</ele>
   </trkpt>
   <trkpt lat="43.86573333414737" lon="-79.48864332046789">
    <ele>242.63</ele>
   </trkpt>
   <trkpt lat="43.86652666796884" lon="-79.48883664608151">
    <ele>245.89000000000001</ele>
   </trkpt>
   <trkpt lat="43.86732000146439" lon="-79.48902997684115">
    <ele>247.54</ele>
   </trkpt>
   <trkpt lat="43.868113334634046" lon="-79.48922331274707">
    <ele>249.06000000000003</ele>
   </trkpt>
   <trkpt lat="43.86890666747772" lon="-79.48941665379957">
    <ele>250.59000000000003</ele>
   </trkpt>
   <trkpt lat="43.8697" lon="-79.48961000000001">
    <ele>251.82000000000005</ele>
   </trkpt>
   <trkpt lat="43.87048714370708" lon="-79.48978998573669">
    <ele>252.9</ele>
   </trkpt>
   <trkpt lat="43.87127428713167" lon="-79.48996997622756">
    <ele>252.56</ele>
   </trkpt>
   <trkpt lat="43.87206143027377" lon="-79.49014997147287">
    <ele>249.86</ele>
   </trkpt>
   <trkpt lat="43.872848573133325" lon="-79.49032997147292">
    <ele>244.18</ele>
   </trkpt>
   <trkpt lat="43.873635715710385" lon="-79.49050997622793">
    <ele>240.78000000000003</ele>
   </trkpt>
   <trkpt lat="43.87442285800487" lon="-79.49068998573814">
    <ele>240.53000000000003</ele>
   </trkpt>
   <trkpt lat="43.87521" lon="-79.49087">
    <ele>243.81000000000003</ele>
   </trkpt>
   <trkpt lat="43.875972500315825" lon="-79.49102999385389">
    <ele>249.49</ele>
   </trkpt>
   <trkpt lat="43.87673500040843" lon="-79.4911899918024">
    <ele>256.43000000000006</ele>
   </trkpt>
   <trkpt lat="43.877497500277826" lon="-79.4913499938457">
    <ele>263.98</ele>
   </trkpt>
   <trkpt lat="43.878260000000004" lon="-79.49151">
    <ele>269.12</ele>
   </trkpt>
   <trkpt lat="43.87870500003254" lon="-79.49162999909564">
    <ele>272.45000000000005</ele>
   </trkpt>
   <trkpt lat="43.87915" lon="-79.49175000000001">
    <ele>273.93</ele>
   </trkpt>
   <trkpt lat="43.879310000000004" lon="-79.49177">
    <ele>274.47</ele>
   </trkpt>
   <trkpt lat="43.879450000000006" lon="-79.49182">
    <ele>275.19000000000005</ele>
   </trkpt>
   <trkpt lat="43.88014333350808" lon="-79.49196666325044">
    <ele>276.97</ele>
   </trkpt>
   <trkpt lat="43.880836666828586" lon="-79.49211332991433">
    <ele>278.12</ele>
   </trkpt>
   <trkpt lat="43.881530000000005" lon="-79.49226">
    <ele>277.71</ele>
   </trkpt>
   <trkpt lat="43.882260000295794" lon="-79.49245666183587">
    <ele>274.31</ele>
   </trkpt>
   <trkpt lat="43.88299000025432" lon="-79.49265332849129">
    <ele>271.75000000000006</ele>
   </trkpt>
   <trkpt lat="43.883720000000004" lon="-79.49285">
    <ele>271.75000000000006</ele>
   </trkpt>
   <trkpt lat="43.88458000000001" lon="-79.49306">
    <ele>274.47</ele>
   </trkpt>
   <trkpt lat="43.88545000035587" lon="-79.49332999606851">
    <ele>281.37</ele>
   </trkpt>
   <trkpt lat="43.886320000000005" lon="-79.4936">
    <ele>287.40000000000003</ele>
   </trkpt>
   <trkpt lat="43.887081667519375" lon="-79.49379832065148">
    <ele>289.86</ele>
   </trkpt>
   <trkpt lat="43.887843334695745" lon="-79.49399664637484">
    <ele>290.03000000000003</ele>
   </trkpt>
   <trkpt lat="43.88860500152914" lon="-79.49419497717035">
    <ele>288.43</ele>
   </trkpt>
   <trkpt lat="43.88936666801951" lon="-79.49439331303829">
    <ele>287.7</ele>
   </trkpt>
   <trkpt lat="43.89012833416686" lon="-79.49459165397893">
    <ele>287.74000000000007</ele>
   </trkpt>
   <trkpt lat="43.890890000000006" lon="-79.49479000000001">
    <ele>290.73</ele>
   </trkpt>
   <trkpt lat="43.89157000025448" lon="-79.49497666239048">
    <ele>294.22</ele>
   </trkpt>
   <trkpt lat="43.89225000020511" lon="-79.49516332904354">
    <ele>297.25</ele>
   </trkpt>
   <trkpt lat="43.89293000000001" lon="-79.49535">
    <ele>298.77000000000004</ele>
   </trkpt>
   <trkpt lat="43.89379800044969" lon="-79.49551199055344">
    <ele>299.42</ele>
   </trkpt>
   <trkpt lat="43.894666000670526" lon="-79.49567398582913">
    <ele>299.83000000000004</ele>
   </trkpt>
   <trkpt lat="43.89553400066253" lon="-79.49583598582736">
    <ele>299.75</ele>
   </trkpt>
   <trkpt lat="43.896402000425674" lon="-79.49599799054839">
    <ele>299.1</ele>
   </trkpt>
   <trkpt lat="43.897270000000006" lon="-79.49616">
    <ele>298.94000000000005</ele>
   </trkpt>
   <trkpt lat="43.89725000000001" lon="-79.4963">
    <ele>298.79</ele>
   </trkpt>
   <trkpt lat="43.89728" lon="-79.49636000000001">
    <ele>298.79</ele>
   </trkpt>
   <trkpt lat="43.897330000000004" lon="-79.49636000000001">
    <ele>298.79</ele>
   </trkpt>
   <trkpt lat="43.897330000000004" lon="-79.49638">
    <ele>298.75</ele>
   </trkpt>
   <trkpt lat="43.89728" lon="-79.49681000000001">
    <ele>297.55</ele>
   </trkpt>
   <trkpt lat="43.89717500200082" lon="-79.49749000129806">
    <ele>294.22</ele>
   </trkpt>
   <trkpt lat="43.89707000000001" lon="-79.49817">
    <ele>289.32</ele>
   </trkpt>
   <trkpt lat="43.896890000000006" lon="-79.49899">
    <ele>285.26</ele>
   </trkpt>
   <trkpt lat="43.89663878718105" lon="-79.50009378260617">
    <ele>281.96000000000004</ele>
   </trkpt>
   <trkpt lat="43.89638756373809" lon="-79.50119755589891">
    <ele>281.73</ele>
   </trkpt>
   <trkpt lat="43.896136329671286" lon="-79.502301319878">
    <ele>281.48</ele>
   </trkpt>
   <trkpt lat="43.89588508498084" lon="-79.5034050745432">
    <ele>280.95000000000005</ele>
   </trkpt>
   <trkpt lat="43.89563382966693" lon="-79.50450881989427">
    <ele>280.57000000000005</ele>
   </trkpt>
   <trkpt lat="43.89538256372974" lon="-79.50561255593098">
    <ele>281.96999999999997</ele>
   </trkpt>
   <trkpt lat="43.895131287169455" lon="-79.50671628265312">
    <ele>285.27000000000004</ele>
   </trkpt>
   <trkpt lat="43.89488" lon="-79.50782000000001">
    <ele>290.40000000000003</ele>
   </trkpt>
   <trkpt lat="43.89466201695402" lon="-79.50880601444452">
    <ele>294.86</ele>
   </trkpt>
   <trkpt lat="43.89444402543016" lon="-79.50979202167032">
    <ele>301.43</ele>
   </trkpt>
   <trkpt lat="43.89422602542854" lon="-79.51077802167724">
    <ele>305.73</ele>
   </trkpt>
   <trkpt lat="43.89400801694929" lon="-79.51176401446511">
    <ele>308.8</ele>
   </trkpt>
   <trkpt lat="43.89379" lon="-79.51275000000001">
    <ele>310.23</ele>
   </trkpt>
   <trkpt lat="43.89356751249256" lon="-79.51372751098141">
    <ele>309.35</ele>
   </trkpt>
   <trkpt lat="43.89334501665284" lon="-79.51470501465876">
    <ele>308.77000000000004</ele>
   </trkpt>
   <trkpt lat="43.89312251248098" lon="-79.51568251103188">
    <ele>308.24</ele>
   </trkpt>
   <trkpt lat="43.892900000000004" lon="-79.51666">
    <ele>307.27000000000004</ele>
   </trkpt>
   <trkpt lat="43.89266000546051" lon="-79.51745000630714">
    <ele>305.8</ele>
   </trkpt>
   <trkpt lat="43.89242000547875" lon="-79.51824000624703">
    <ele>303.34</ele>
   </trkpt>
   <trkpt lat="43.89218" lon="-79.51903">
    <ele>300.62</ele>
   </trkpt>
   <trkpt lat="43.89193003769136" lon="-79.52014128264344">
    <ele>298.67</ele>
   </trkpt>
   <trkpt lat="43.891680064613894" lon="-79.52125255595838">
    <ele>298.36</ele>
   </trkpt>
   <trkpt lat="43.89143008076781" lon="-79.52236381994459">
    <ele>297.26</ele>
   </trkpt>
   <trkpt lat="43.891180086153284" lon="-79.52347507460182">
    <ele>294.08</ele>
   </trkpt>
   <trkpt lat="43.89093008077048" lon="-79.52458631992981">
    <ele>291.66</ele>
   </trkpt>
   <trkpt lat="43.890680064619616" lon="-79.52569755592835">
    <ele>288.0</ele>
   </trkpt>
   <trkpt lat="43.89043003770086" lon="-79.52680878259717">
    <ele>286.5</ele>
   </trkpt>
   <trkpt lat="43.89018" lon="-79.52792000000001">
    <ele>285.71000000000004</ele>
   </trkpt>
   <trkpt lat="43.88992874711491" lon="-79.52906806781455">
    <ele>283.66</ele>
   </trkpt>
   <trkpt lat="43.8896774827363" lon="-79.53021612594272">
    <ele>280.36</ele>
   </trkpt>
   <trkpt lat="43.88942620686438" lon="-79.53136417438422">
    <ele>277.92</ele>
   </trkpt>
   <trkpt lat="43.889174919499354" lon="-79.53251221313879">
    <ele>276.42</ele>
   </trkpt>
   <trkpt lat="43.8889236206414" lon="-79.53366024220617">
    <ele>274.71</ele>
   </trkpt>
   <trkpt lat="43.88867231029073" lon="-79.53480826158605">
    <ele>272.49</ele>
   </trkpt>
   <trkpt lat="43.88842098844754" lon="-79.53595627127817">
    <ele>271.69000000000005</ele>
   </trkpt>
   <trkpt lat="43.88816965511202" lon="-79.53710427128226">
    <ele>271.64000000000004</ele>
   </trkpt>
   <trkpt lat="43.8879183102844" lon="-79.53825226159803">
    <ele>272.78000000000003</ele>
   </trkpt>
   <trkpt lat="43.88766695396484" lon="-79.53940024222521">
    <ele>273.2</ele>
   </trkpt>
   <trkpt lat="43.887415586153544" lon="-79.54054821316352">
    <ele>273.59</ele>
   </trkpt>
   <trkpt lat="43.88716420685073" lon="-79.5416961744127">
    <ele>273.69000000000005</ele>
   </trkpt>
   <trkpt lat="43.88691281605657" lon="-79.54284412597247">
    <ele>273.6</ele>
   </trkpt>
   <trkpt lat="43.88666141377128" lon="-79.54399206784254">
    <ele>271.04</ele>
   </trkpt>
   <trkpt lat="43.886410000000005" lon="-79.54514">
    <ele>270.5</ele>
   </trkpt>
   <trkpt lat="43.886230000000005" lon="-79.54509">
    <ele>270.36</ele>
   </trkpt>
   <trkpt lat="43.88604500352434" lon="-79.54598500262554">
    <ele>268.17</ele>
   </trkpt>
   <trkpt lat="43.88586" lon="-79.54688">
    <ele>267.38</ele>
   </trkpt>
   <trkpt lat="43.88562802469482" lon="-79.5480700185496">
    <ele>266.0</ele>
   </trkpt>
   <trkpt lat="43.885396037040906" lon="-79.54926002783057">
    <ele>265.8</ele>
   </trkpt>
   <trkpt lat="43.885164037038415" lon="-79.5504500278426">
    <ele>261.83</ele>
   </trkpt>
   <trkpt lat="43.88493202468759" lon="-79.55164001858532">
    <ele>259.93</ele>
   </trkpt>
   <trkpt lat="43.8847" lon="-79.55283">
    <ele>258.44</ele>
   </trkpt>
   <trkpt lat="43.88450001512146" lon="-79.55390501079616">
    <ele>258.91</ele>
   </trkpt>
   <trkpt lat="43.884300020165696" lon="-79.55498001437441">
    <ele>258.52000000000004</ele>
   </trkpt>
   <trkpt lat="43.88410001513285" lon="-79.55605501073445">
    <ele>253.45000000000002</ele>
   </trkpt>
   <trkpt lat="43.883900000000004" lon="-79.55713">
    <ele>250.64000000000001</ele>
   </trkpt>
   <trkpt lat="43.88370001328047" lon="-79.5581375101297">
    <ele>249.37</ele>
   </trkpt>
   <trkpt lat="43.883500017709515" lon="-79.55914501349481">
    <ele>249.08</ele>
   </trkpt>
   <trkpt lat="43.88330001328724" lon="-79.56015251009521">
    <ele>249.79000000000002</ele>
   </trkpt>
   <trkpt lat="43.883100000000006" lon="-79.56116">
    <ele>251.8</ele>
   </trkpt>
   <trkpt lat="43.88289860098131" lon="-79.56222287870195">
    <ele>253.43000000000004</ele>
   </trkpt>
   <trkpt lat="43.88269719211158" lon="-79.56328575021737">
    <ele>256.8</ele>
   </trkpt>
   <trkpt lat="43.88249577339097" lon="-79.56434861454603">
    <ele>258.23</ele>
   </trkpt>
   <trkpt lat="43.882294344819584" lon="-79.56541147168768">
    <ele>257.73</ele>
   </trkpt>
   <trkpt lat="43.882092906397574" lon="-79.56647432164205">
    <ele>257.89</ele>
   </trkpt>
   <trkpt lat="43.881891458125104" lon="-79.56753716440892">
    <ele>258.96000000000004</ele>
   </trkpt>
   <trkpt lat="43.881690000000006" lon="-79.5686">
    <ele>258.90000000000003</ele>
   </trkpt>
   <trkpt lat="43.881620000000005" lon="-79.56905">
    <ele>259.0</ele>
   </trkpt>
   <trkpt lat="43.881620000000005" lon="-79.56904">
    <ele>259.0</ele>
   </trkpt>
   <trkpt lat="43.88075571511624" lon="-79.5688614130284">
    <ele>257.59000000000003</ele>
   </trkpt>
   <trkpt lat="43.87989142995436" lon="-79.56868283123805">
    <ele>256.61</ele>
   </trkpt>
   <trkpt lat="43.879027144514396" lon="-79.56850425462866">
    <ele>255.52</ele>
   </trkpt>
   <trkpt lat="43.87816285879637" lon="-79.56832568319993">
    <ele>252.60000000000005</ele>
   </trkpt>
   <trkpt lat="43.877298572800285" lon="-79.56814711695155">
    <ele>250.60000000000005</ele>
   </trkpt>
   <trkpt lat="43.87643428652616" lon="-79.56796855588323">
    <ele>251.36</ele>
   </trkpt>
   <trkpt lat="43.87557" lon="-79.56779">
    <ele>253.82999999999998</ele>
   </trkpt>
   <trkpt lat="43.874950000149134" lon="-79.56762499829142">
    <ele>254.84</ele>
   </trkpt>
   <trkpt lat="43.87433" lon="-79.56746000000001">
    <ele>254.48999999999998</ele>
   </trkpt>
   <trkpt lat="43.873515000024824" lon="-79.56728499758339">
    <ele>252.9</ele>
   </trkpt>
   <trkpt lat="43.8727" lon="-79.56711">
    <ele>251.18</ele>
   </trkpt>
   <trkpt lat="43.87188428671911" lon="-79.56691426964287">
    <ele>250.07000000000002</ele>
   </trkpt>
   <trkpt lat="43.87106857310416" lon="-79.56671854464359">
    <ele>248.12</ele>
   </trkpt>
   <trkpt lat="43.87025285915517" lon="-79.56652282500188">
    <ele>246.61</ele>
   </trkpt>
   <trkpt lat="43.86943714487218" lon="-79.56632711071741">
    <ele>244.94000000000003</ele>
   </trkpt>
   <trkpt lat="43.86862143025518" lon="-79.56613140178992">
    <ele>243.05</ele>
   </trkpt>
   <trkpt lat="43.867805715304215" lon="-79.56593569821908">
    <ele>241.31000000000003</ele>
   </trkpt>
   <trkpt lat="43.86699" lon="-79.56574">
    <ele>239.18000000000004</ele>
   </trkpt>
   <trkpt lat="43.86615250059132" lon="-79.56552749104354">
    <ele>237.15000000000003</ele>
   </trkpt>
   <trkpt lat="43.86531500078887" lon="-79.5653149880584">
    <ele>236.23000000000002</ele>
   </trkpt>
   <trkpt lat="43.86447750059264" lon="-79.56510249104421">
    <ele>235.61</ele>
   </trkpt>
   <trkpt lat="43.863640000000004" lon="-79.56489">
    <ele>234.77</ele>
   </trkpt>
   <trkpt lat="43.86352" lon="-79.56493">
    <ele>234.72</ele>
   </trkpt>
   <trkpt lat="43.86316" lon="-79.56484">
    <ele>234.55</ele>
   </trkpt>
   <trkpt lat="43.863170000000004" lon="-79.56484">
    <ele>234.56</ele>
   </trkpt>
   <trkpt lat="43.86319" lon="-79.56469000000001">
    <ele>234.20000000000002</ele>
   </trkpt>
   <trkpt lat="43.86354" lon="-79.56479">
    <ele>234.77</ele>
   </trkpt>
   <trkpt lat="43.863640000000004" lon="-79.56489">
    <ele>234.77</ele>
   </trkpt>
   <trkpt lat="43.8643850001383" lon="-79.56507999762067">
    <ele>235.61</ele>
   </trkpt>
   <trkpt lat="43.86513" lon="-79.56527000000001">
    <ele>236.22</ele>
   </trkpt>
   <trkpt lat="43.86575000021299" lon="-79.56542666340746">
    <ele>237.02</ele>
   </trkpt>
   <trkpt lat="43.86637000021195" lon="-79.56558333007382">
    <ele>237.66</ele>
   </trkpt>
   <trkpt lat="43.86699" lon="-79.56574">
    <ele>239.18000000000004</ele>
   </trkpt>
   <trkpt lat="43.86780571528493" lon="-79.56593569821447">
    <ele>241.31000000000003</ele>
   </trkpt>
   <trkpt lat="43.86862143023591" lon="-79.5661314017853">
    <ele>243.64000000000001</ele>
   </trkpt>
   <trkpt lat="43.86943714485291" lon="-79.56632711071278">
    <ele>244.94000000000003</ele>
   </trkpt>
   <trkpt lat="43.87025285913591" lon="-79.56652282499725">
    <ele>246.61</ele>
   </trkpt>
   <trkpt lat="43.87106857308489" lon="-79.56671854463897">
    <ele>248.41000000000003</ele>
   </trkpt>
   <trkpt lat="43.87188428669984" lon="-79.56691426963825">
    <ele>250.07000000000002</ele>
   </trkpt>
   <trkpt lat="43.8727" lon="-79.56711">
    <ele>251.18</ele>
   </trkpt>
   <trkpt lat="43.873515000242215" lon="-79.56728499763007">
    <ele>252.9</ele>
   </trkpt>
   <trkpt lat="43.87433" lon="-79.56746000000001">
    <ele>254.48999999999998</ele>
   </trkpt>
   <trkpt lat="43.87495000008825" lon="-79.5676249982752">
    <ele>254.79000000000002</ele>
   </trkpt>
   <trkpt lat="43.87557" lon="-79.56779">
    <ele>253.82999999999998</ele>
   </trkpt>
   <trkpt lat="43.87643428655213" lon="-79.5679685558886">
    <ele>251.36</ele>
   </trkpt>
   <trkpt lat="43.87729857282625" lon="-79.56814711695691">
    <ele>250.70000000000002</ele>
   </trkpt>
   <trkpt lat="43.878162858822336" lon="-79.56832568320529">
    <ele>252.60000000000005</ele>
   </trkpt>
   <trkpt lat="43.87902714454036" lon="-79.56850425463401">
    <ele>255.52</ele>
   </trkpt>
   <trkpt lat="43.87989142998033" lon="-79.5686828312434">
    <ele>256.61</ele>
   </trkpt>
   <trkpt lat="43.88075571514221" lon="-79.56886141303376">
    <ele>257.77</ele>
   </trkpt>
   <trkpt lat="43.881620000000005" lon="-79.56904">
    <ele>259.01</ele>
   </trkpt>
   <trkpt lat="43.882421429417825" lon="-79.5692185570178">
    <ele>258.83</ele>
   </trkpt>
   <trkpt lat="43.8832228585576" lon="-79.56939711883966">
    <ele>259.23</ele>
   </trkpt>
   <trkpt lat="43.884024287419344" lon="-79.56957568546585">
    <ele>259.55</ele>
   </trkpt>
   <trkpt lat="43.88482571600303" lon="-79.56975425689662">
    <ele>260.01</ele>
   </trkpt>
   <trkpt lat="43.88562714430865" lon="-79.56993283313224">
    <ele>260.22</ele>
   </trkpt>
   <trkpt lat="43.8864285723362" lon="-79.57011141417298">
    <ele>260.70000000000005</ele>
   </trkpt>
   <trkpt lat="43.88723" lon="-79.57029">
    <ele>261.19000000000005</ele>
   </trkpt>
   <trkpt lat="43.88804333458806" lon="-79.57047997924299">
    <ele>261.83</ele>
   </trkpt>
   <trkpt lat="43.88885666886137" lon="-79.5706699636743">
    <ele>262.20000000000005</ele>
   </trkpt>
   <trkpt lat="43.889670002819926" lon="-79.57085995329423">
    <ele>263.0</ele>
   </trkpt>
   <trkpt lat="43.890483336463724" lon="-79.57104994810307">
    <ele>264.16</ele>
   </trkpt>
   <trkpt lat="43.89129666979273" lon="-79.57123994810108">
    <ele>264.55</ele>
   </trkpt>
   <trkpt lat="43.892110002806945" lon="-79.57142995328857">
    <ele>266.19000000000005</ele>
   </trkpt>
   <trkpt lat="43.892923335506325" lon="-79.57161996366582">
    <ele>267.40000000000003</ele>
   </trkpt>
   <trkpt lat="43.89373666789086" lon="-79.57180997923314">
    <ele>268.42</ele>
   </trkpt>
   <trkpt lat="43.89455" lon="-79.572">
    <ele>268.90000000000003</ele>
   </trkpt>
   <trkpt lat="43.895270000000004" lon="-79.57222">
    <ele>269.71</ele>
   </trkpt>
   <trkpt lat="43.896115000087384" lon="-79.57243999684592">
    <ele>270.33</ele>
   </trkpt>
   <trkpt lat="43.89696000000001" lon="-79.57266000000001">
    <ele>270.99</ele>
   </trkpt>
   <trkpt lat="43.89764000022628" lon="-79.57287499755249">
    <ele>271.41</ele>
   </trkpt>
   <trkpt lat="43.898320000000005" lon="-79.57309000000001">
    <ele>272.1</ele>
   </trkpt>
   <trkpt lat="43.899095000238155" lon="-79.57329499734621">
    <ele>272.63000000000005</ele>
   </trkpt>
   <trkpt lat="43.89987000000001" lon="-79.57350000000001">
    <ele>273.47</ele>
   </trkpt>
   <trkpt lat="43.90063666746316" lon="-79.573689987769">
    <ele>273.04</ele>
   </trkpt>
   <trkpt lat="43.90140333461155" lon="-79.57387998043102">
    <ele>274.33000000000004</ele>
   </trkpt>
   <trkpt lat="43.902170001445164" lon="-79.57406997798627">
    <ele>276.79</ele>
   </trkpt>
   <trkpt lat="43.902936667963964" lon="-79.57425998043504">
    <ele>278.49</ele>
   </trkpt>
   <trkpt lat="43.90370333416796" lon="-79.57444998777758">
    <ele>277.63000000000005</ele>
   </trkpt>
   <trkpt lat="43.90447" lon="-79.57464">
    <ele>274.34000000000003</ele>
   </trkpt>
   <trkpt lat="43.90530400096295" lon="-79.5748759867718">
    <ele>272.1</ele>
   </trkpt>
   <trkpt lat="43.90613800144026" lon="-79.57511198015614">
    <ele>271.86</ele>
   </trkpt>
   <trkpt lat="43.9069720014319" lon="-79.5753479801534">
    <ele>268.57000000000005</ele>
   </trkpt>
   <trkpt lat="43.907806000937825" lon="-79.57558398676392">
    <ele>256.82000000000005</ele>
   </trkpt>
   <trkpt lat="43.908640000000005" lon="-79.57582000000001">
    <ele>251.12</ele>
   </trkpt>
   <trkpt lat="43.90933333350007" lon="-79.57597999625935">
    <ele>253.52</ele>
   </trkpt>
   <trkpt lat="43.91002666677691" lon="-79.57613999624624">
    <ele>256.55</ele>
   </trkpt>
   <trkpt lat="43.910720000000005" lon="-79.5763">
    <ele>263.39</ele>
   </trkpt>
   <trkpt lat="43.911392500252845" lon="-79.5764424951667">
    <ele>268.59</ele>
   </trkpt>
   <trkpt lat="43.91206500032861" lon="-79.57658499355368">
    <ele>271.0</ele>
   </trkpt>
   <trkpt lat="43.912737500227315" lon="-79.57672749516112">
    <ele>273.04</ele>
   </trkpt>
   <trkpt lat="43.913410000000006" lon="-79.57687">
    <ele>276.41</ele>
   </trkpt>
   <trkpt lat="43.91428600086033" lon="-79.57709398680657">
    <ele>275.54</ele>
   </trkpt>
   <trkpt lat="43.915162001283136" lon="-79.57731798020758">
    <ele>278.54</ele>
   </trkpt>
   <trkpt lat="43.9160380012684" lon="-79.57754198020342">
    <ele>284.40999999999997</ele>
   </trkpt>
   <trkpt lat="43.91691400081611" lon="-79.57776598679447">
    <ele>285.04</ele>
   </trkpt>
   <trkpt lat="43.917790000000004" lon="-79.57799">
    <ele>286.33000000000004</ele>
   </trkpt>
   <trkpt lat="43.918476666826294" lon="-79.57812666351161">
    <ele>287.07000000000005</ele>
   </trkpt>
   <trkpt lat="43.91916333348972" lon="-79.57826333017758">
    <ele>289.31</ele>
   </trkpt>
   <trkpt lat="43.919850000000004" lon="-79.5784">
    <ele>291.1</ele>
   </trkpt>
   <trkpt lat="43.92069316101677" lon="-79.57859942279597">
    <ele>295.35</ele>
   </trkpt>
   <trkpt lat="43.9215363216867" lon="-79.57879885124436">
    <ele>298.82000000000005</ele>
   </trkpt>
   <trkpt lat="43.92237948200981" lon="-79.57899828534546">
    <ele>300.47</ele>
   </trkpt>
   <trkpt lat="43.923222641986065" lon="-79.57919772509962">
    <ele>300.83000000000004</ele>
   </trkpt>
   <trkpt lat="43.92406580161543" lon="-79.57939717050714">
    <ele>301.12</ele>
   </trkpt>
   <trkpt lat="43.92490896089791" lon="-79.57959662156837">
    <ele>300.6</ele>
   </trkpt>
   <trkpt lat="43.92575211983346" lon="-79.57979607828361">
    <ele>300.23</ele>
   </trkpt>
   <trkpt lat="43.92659527842208" lon="-79.5799955406532">
    <ele>300.4</ele>
   </trkpt>
   <trkpt lat="43.92743843666374" lon="-79.58019500867746">
    <ele>300.17</ele>
   </trkpt>
   <trkpt lat="43.92828159455842" lon="-79.58039448235674">
    <ele>298.57</ele>
   </trkpt>
   <trkpt lat="43.92912475210611" lon="-79.5805939616913">
    <ele>296.39000000000004</ele>
   </trkpt>
   <trkpt lat="43.92996790930677" lon="-79.58079344668153">
    <ele>298.28000000000003</ele>
   </trkpt>
   <trkpt lat="43.9308110661604" lon="-79.58099293732772">
    <ele>300.95000000000005</ele>
   </trkpt>
   <trkpt lat="43.93165422266697" lon="-79.5811924336302">
    <ele>301.65000000000003</ele>
   </trkpt>
   <trkpt lat="43.93249737882647" lon="-79.58139193558931">
    <ele>303.05</ele>
   </trkpt>
   <trkpt lat="43.93334053463885" lon="-79.58159144320537">
    <ele>304.16</ele>
   </trkpt>
   <trkpt lat="43.93418369010413" lon="-79.58179095647867">
    <ele>302.93</ele>
   </trkpt>
   <trkpt lat="43.93502684522227" lon="-79.58199047540957">
    <ele>302.53000000000003</ele>
   </trkpt>
   <trkpt lat="43.93587" lon="-79.58219000000001">
    <ele>303.73</ele>
   </trkpt>
   <trkpt lat="43.93587" lon="-79.5822">
    <ele>303.75</ele>
   </trkpt>
   <trkpt lat="43.93572000242772" lon="-79.58294000166926">
    <ele>303.68</ele>
   </trkpt>
   <trkpt lat="43.935570000000006" lon="-79.58368">
    <ele>303.84</ele>
   </trkpt>
   <trkpt lat="43.935356674866725" lon="-79.58465000698334">
    <ele>303.33000000000004</ele>
   </trkpt>
   <trkpt lat="43.93514334152815" lon="-79.58562000700704">
    <ele>302.29</ele>
   </trkpt>
   <trkpt lat="43.93493" lon="-79.58659">
    <ele>302.09000000000003</ele>
   </trkpt>
   <trkpt lat="43.93467718035235" lon="-79.58778717339362">
    <ele>301.51</ele>
   </trkpt>
   <trkpt lat="43.934424348206214" lon="-79.58898433660767">
    <ele>300.31</ele>
   </trkpt>
   <trkpt lat="43.9341715035618" lon="-79.5901814896418">
    <ele>299.64</ele>
   </trkpt>
   <trkpt lat="43.93391864641934" lon="-79.59137863249565">
    <ele>296.19</ele>
   </trkpt>
   <trkpt lat="43.93366577677905" lon="-79.59257576516896">
    <ele>297.83000000000004</ele>
   </trkpt>
   <trkpt lat="43.93341289464113" lon="-79.59377288766134">
    <ele>300.00000000000006</ele>
   </trkpt>
   <trkpt lat="43.93316" lon="-79.59497">
    <ele>297.55</ele>
   </trkpt>
   <trkpt lat="43.9329175156013" lon="-79.59606251341633">
    <ele>292.99</ele>
   </trkpt>
   <trkpt lat="43.9326750207939" lon="-79.59715501792333">
    <ele>291.49</ele>
   </trkpt>
   <trkpt lat="43.932432515578" lon="-79.59824751352075">
    <ele>284.02000000000004</ele>
   </trkpt>
   <trkpt lat="43.932190000000006" lon="-79.59934000000001">
    <ele>278.25</ele>
   </trkpt>
   <trkpt lat="43.93197335586355" lon="-79.60035668520518">
    <ele>273.82</ele>
   </trkpt>
   <trkpt lat="43.931756702713116" lon="-79.60137336300316">
    <ele>270.23</ele>
   </trkpt>
   <trkpt lat="43.93154004054888" lon="-79.60239003339375">
    <ele>273.77</ele>
   </trkpt>
   <trkpt lat="43.931323369370965" lon="-79.60340669637675">
    <ele>280.67</ele>
   </trkpt>
   <trkpt lat="43.931106689179494" lon="-79.60442335195198">
    <ele>279.96000000000004</ele>
   </trkpt>
   <trkpt lat="43.930890000000005" lon="-79.60544">
    <ele>281.48</ele>
   </trkpt>
   <trkpt lat="43.93083" lon="-79.60584">
    <ele>283.05</ele>
   </trkpt>
   <trkpt lat="43.930820000000004" lon="-79.60602">
    <ele>283.96999999999997</ele>
   </trkpt>
   <trkpt lat="43.93084500401929" lon="-79.6069799996289">
    <ele>286.18000000000006</ele>
   </trkpt>
   <trkpt lat="43.930870000000006" lon="-79.60794000000001">
    <ele>285.99</ele>
   </trkpt>
   <trkpt lat="43.93081" lon="-79.6083">
    <ele>284.25</ele>
   </trkpt>
   <trkpt lat="43.93063500249153" lon="-79.6090550021954">
    <ele>278.2</ele>
   </trkpt>
   <trkpt lat="43.930460000000004" lon="-79.60981000000001">
    <ele>271.19000000000005</ele>
   </trkpt>
   <trkpt lat="43.930218022352605" lon="-79.61094201840943">
    <ele>266.92</ele>
   </trkpt>
   <trkpt lat="43.929976033530195" lon="-79.61207402760752">
    <ele>268.27</ele>
   </trkpt>
   <trkpt lat="43.92973403353297" lon="-79.613206027594">
    <ele>269.02000000000004</ele>
   </trkpt>
   <trkpt lat="43.92949202236108" lon="-79.61433801836858">
    <ele>266.02000000000004</ele>
   </trkpt>
   <trkpt lat="43.92925" lon="-79.61547">
    <ele>264.8</ele>
   </trkpt>
   <trkpt lat="43.92915000000001" lon="-79.61609">
    <ele>262.79</ele>
   </trkpt>
   <trkpt lat="43.928940000000004" lon="-79.61695">
    <ele>257.14000000000004</ele>
   </trkpt>
   <trkpt lat="43.928815001592326" lon="-79.61755500128906">
    <ele>254.60000000000005</ele>
   </trkpt>
   <trkpt lat="43.92869" lon="-79.61816">
    <ele>252.70000000000002</ele>
   </trkpt>
   <trkpt lat="43.9284500100557" lon="-79.61923334195373">
    <ele>251.54999999999998</ele>
   </trkpt>
   <trkpt lat="43.92821001006487" lon="-79.62030667524589">
    <ele>251.52</ele>
   </trkpt>
   <trkpt lat="43.92797" lon="-79.62138">
    <ele>250.52</ele>
   </trkpt>
   <trkpt lat="43.927757513019245" lon="-79.6223775106733">
    <ele>252.46</ele>
   </trkpt>
   <trkpt lat="43.927545017361375" lon="-79.62337501421962">
    <ele>257.06</ele>
   </trkpt>
   <trkpt lat="43.92733251302651" lon="-79.62437251063876">
    <ele>258.68</ele>
   </trkpt>
   <trkpt lat="43.92712" lon="-79.62537">
    <ele>262.91</ele>
   </trkpt>
   <trkpt lat="43.92689500540665" lon="-79.6264850042877">
    <ele>260.98</ele>
   </trkpt>
   <trkpt lat="43.92667" lon="-79.6276">
    <ele>259.0</ele>
   </trkpt>
   <trkpt lat="43.92641751670058" lon="-79.62873001440025">
    <ele>255.89000000000001</ele>
   </trkpt>
   <trkpt lat="43.92616502226574" lon="-79.62986001920753">
    <ele>255.76000000000005</ele>
   </trkpt>
   <trkpt lat="43.925912516695675" lon="-79.63099001442158">
    <ele>258.68</ele>
   </trkpt>
   <trkpt lat="43.92566" lon="-79.63212">
    <ele>259.87000000000006</ele>
   </trkpt>
   <trkpt lat="43.925470000000004" lon="-79.63263">
    <ele>260.42</ele>
   </trkpt>
   <trkpt lat="43.92546" lon="-79.63263">
    <ele>260.41</ele>
   </trkpt>
   <trkpt lat="43.926153333613904" lon="-79.63280332929733">
    <ele>257.84000000000003</ele>
   </trkpt>
   <trkpt lat="43.9268466669658" lon="-79.63297666263526">
    <ele>258.82</ele>
   </trkpt>
   <trkpt lat="43.92754" lon="-79.63315">
    <ele>264.18</ele>
   </trkpt>
   <trkpt lat="43.9283" lon="-79.63329">
    <ele>268.35</ele>
   </trkpt>
   <trkpt lat="43.928880000296964" lon="-79.63341999878239">
    <ele>271.8</ele>
   </trkpt>
   <trkpt lat="43.929460000000006" lon="-79.63355">
    <ele>272.87</ele>
   </trkpt>
   <trkpt lat="43.929950000000005" lon="-79.63369">
    <ele>270.53000000000003</ele>
   </trkpt>
   <trkpt lat="43.930310000000006" lon="-79.63373">
    <ele>269.56</ele>
   </trkpt>
   <trkpt lat="43.931100000605795" lon="-79.6339119903363">
    <ele>265.35</ele>
   </trkpt>
   <trkpt lat="43.93189000092274" lon="-79.63409398550742">
    <ele>258.91</ele>
   </trkpt>
   <trkpt lat="43.93268000095083" lon="-79.63427598551364">
    <ele>259.02000000000004</ele>
   </trkpt>
   <trkpt lat="43.93347000069005" lon="-79.63445799035519">
    <ele>262.6</ele>
   </trkpt>
   <trkpt lat="43.93426" lon="-79.63464">
    <ele>265.64000000000004</ele>
   </trkpt>
   <trkpt lat="43.93469" lon="-79.63477">
    <ele>267.46000000000004</ele>
   </trkpt>
   <trkpt lat="43.935572501224776" lon="-79.63496997922337">
    <ele>272.67</ele>
   </trkpt>
   <trkpt lat="43.93645500210078" lon="-79.63516996438246">
    <ele>272.26</ele>
   </trkpt>
   <trkpt lat="43.937337502628004" lon="-79.63536995547761">
    <ele>271.17</ele>
   </trkpt>
   <trkpt lat="43.93822000280641" lon="-79.63556995250921">
    <ele>273.93</ele>
   </trkpt>
   <trkpt lat="43.939102502636004" lon="-79.63576995547761">
    <ele>272.48</ele>
   </trkpt>
   <trkpt lat="43.93998500211674" lon="-79.63596996438316">
    <ele>273.38</ele>
   </trkpt>
   <trkpt lat="43.94086750124862" lon="-79.63616997922624">
    <ele>279.23</ele>
   </trkpt>
   <trkpt lat="43.941750000000006" lon="-79.63637">
    <ele>284.61</ele>
   </trkpt>
   <trkpt lat="43.942403333505666" lon="-79.6365299964709">
    <ele>286.1</ele>
   </trkpt>
   <trkpt lat="43.943056666788095" lon="-79.63668999645837">
    <ele>284.99</ele>
   </trkpt>
   <trkpt lat="43.94371" lon="-79.63685000000001">
    <ele>281.34000000000003</ele>
   </trkpt>
   <trkpt lat="43.94404" lon="-79.63692">
    <ele>280.19000000000005</ele>
   </trkpt>
   <trkpt lat="43.9448750010215" lon="-79.63713498490335">
    <ele>278.24</ele>
   </trkpt>
   <trkpt lat="43.945710001639945" lon="-79.63734997584633">
    <ele>277.64</ele>
   </trkpt>
   <trkpt lat="43.94654500185529" lon="-79.63756497282927">
    <ele>279.22</ele>
   </trkpt>
   <trkpt lat="43.947380001667504" lon="-79.63777997585251">
    <ele>276.89000000000004</ele>
   </trkpt>
   <trkpt lat="43.9482150010766" lon="-79.63799498491639">
    <ele>273.85</ele>
   </trkpt>
   <trkpt lat="43.94905000000001" lon="-79.63821">
    <ele>272.46000000000004</ele>
   </trkpt>
   <trkpt lat="43.94980600054903" lon="-79.63838799094265">
    <ele>273.65</ele>
   </trkpt>
   <trkpt lat="43.95056200082179" lon="-79.63856598641334">
    <ele>270.82</ele>
   </trkpt>
   <trkpt lat="43.95131800081825" lon="-79.63874398641225">
    <ele>271.75000000000006</ele>
   </trkpt>
   <trkpt lat="43.952074000538374" lon="-79.63892199093968">
    <ele>277.38</ele>
   </trkpt>
   <trkpt lat="43.952830000000006" lon="-79.63910000000001">
    <ele>279.61</ele>
   </trkpt>
   <trkpt lat="43.95362500085202" lon="-79.63929665351395">
    <ele>281.93</ele>
   </trkpt>
   <trkpt lat="43.95442000136677" lon="-79.63949331228947">
    <ele>283.99</ele>
   </trkpt>
   <trkpt lat="43.955215001544246" lon="-79.63968997632686">
    <ele>277.22</ele>
   </trkpt>
   <trkpt lat="43.95601000138441" lon="-79.63988664562639">
    <ele>270.88</ele>
   </trkpt>
   <trkpt lat="43.95680500088726" lon="-79.64008332018837">
    <ele>268.33</ele>
   </trkpt>
   <trkpt lat="43.957600000000006" lon="-79.64028">
    <ele>267.99</ele>
   </trkpt>
   <trkpt lat="43.95814499999782" lon="-79.64040499883734">
    <ele>269.7</ele>
   </trkpt>
   <trkpt lat="43.958690000000004" lon="-79.64053000000001">
    <ele>273.36</ele>
   </trkpt>
   <trkpt lat="43.959386666971966" lon="-79.64071332903727">
    <ele>274.92</ele>
   </trkpt>
   <trkpt lat="43.96008333365081" lon="-79.64089666237373">
    <ele>273.35</ele>
   </trkpt>
   <trkpt lat="43.96078000000001" lon="-79.64108">
    <ele>274.51000000000005</ele>
   </trkpt>
   <trkpt lat="43.96129000008473" lon="-79.64119999897507">
    <ele>274.07000000000005</ele>
   </trkpt>
   <trkpt lat="43.961800000000004" lon="-79.64132000000001">
    <ele>271.56</ele>
   </trkpt>
   <trkpt lat="43.962656667054844" lon="-79.64153666041268">
    <ele>272.61</ele>
   </trkpt>
   <trkpt lat="43.9635133337003" lon="-79.64175332707386">
    <ele>273.67</ele>
   </trkpt>
   <trkpt lat="43.96437" lon="-79.64197">
    <ele>272.95000000000005</ele>
   </trkpt>
   <trkpt lat="43.96507000007457" lon="-79.64212499816684">
    <ele>274.06</ele>
   </trkpt>
   <trkpt lat="43.965770000000006" lon="-79.64228">
    <ele>276.2</ele>
   </trkpt>
   <trkpt lat="43.96636000030261" lon="-79.6424299970473">
    <ele>276.26</ele>
   </trkpt>
   <trkpt lat="43.966950000408985" lon="-79.64257999707431">
    <ele>277.92</ele>
   </trkpt>
   <trkpt lat="43.96754000000001" lon="-79.64273">
    <ele>279.31</ele>
   </trkpt>
   <trkpt lat="43.96831750043953" lon="-79.64290999293506">
    <ele>274.58000000000004</ele>
   </trkpt>
   <trkpt lat="43.969095000596504" lon="-79.64308999058233">
    <ele>271.58000000000004</ele>
   </trkpt>
   <trkpt lat="43.96987250047094" lon="-79.64326999294207">
    <ele>265.37</ele>
   </trkpt>
   <trkpt lat="43.970650000000006" lon="-79.64345">
    <ele>262.16</ele>
   </trkpt>
   <trkpt lat="43.97141250044469" lon="-79.64362999307195">
    <ele>261.62</ele>
   </trkpt>
   <trkpt lat="43.972175000606846" lon="-79.64380999076575">
    <ele>261.48</ele>
   </trkpt>
   <trkpt lat="43.972937500486424" lon="-79.64398999308158">
    <ele>263.03999999999996</ele>
   </trkpt>
   <trkpt lat="43.9737" lon="-79.64417">
    <ele>262.76000000000005</ele>
   </trkpt>
   <trkpt lat="43.97411" lon="-79.6443">
    <ele>262.05</ele>
   </trkpt>
   <trkpt lat="43.974730000144156" lon="-79.64443333054683">
    <ele>258.33</ele>
   </trkpt>
   <trkpt lat="43.975350000133254" lon="-79.64456666387778">
    <ele>250.92000000000002</ele>
   </trkpt>
   <trkpt lat="43.975970000000004" lon="-79.6447">
    <ele>248.07000000000002</ele>
   </trkpt>
   <trkpt lat="43.976745000184515" lon="-79.64488499759386">
    <ele>244.88</ele>
   </trkpt>
   <trkpt lat="43.977520000000005" lon="-79.64507">
    <ele>246.35</ele>
   </trkpt>
   <trkpt lat="43.97778" lon="-79.64515">
    <ele>247.57</ele>
   </trkpt>
   <trkpt lat="43.978383333536364" lon="-79.64528999716232">
    <ele>248.34000000000003</ele>
   </trkpt>
   <trkpt lat="43.97898666690182" lon="-79.64542999716973">
    <ele>246.6</ele>
   </trkpt>
   <trkpt lat="43.97959" lon="-79.64557">
    <ele>245.68</ele>
   </trkpt>
   <trkpt lat="43.98012000000001" lon="-79.64571000000001">
    <ele>245.00000000000003</ele>
   </trkpt>
   <trkpt lat="43.980956666969476" lon="-79.64589666140533">
    <ele>245.01000000000002</ele>
   </trkpt>
   <trkpt lat="43.98179333363508" lon="-79.64608332807167">
    <ele>245.31000000000003</ele>
   </trkpt>
   <trkpt lat="43.98263" lon="-79.64627">
    <ele>242.70000000000002</ele>
   </trkpt>
   <trkpt lat="43.98347000032545" lon="-79.64647999404238">
    <ele>238.23000000000002</ele>
   </trkpt>
   <trkpt lat="43.98431000026629" lon="-79.64668999402747">
    <ele>235.66</ele>
   </trkpt>
   <trkpt lat="43.985150000000004" lon="-79.6469">
    <ele>237.74</ele>
   </trkpt>
   <trkpt lat="43.985669999967094" lon="-79.64700999901828">
    <ele>238.02</ele>
   </trkpt>
   <trkpt lat="43.98619" lon="-79.64712">
    <ele>238.21000000000004</ele>
   </trkpt>
   <trkpt lat="43.986850000000004" lon="-79.6473">
    <ele>237.66</ele>
   </trkpt>
   <trkpt lat="43.98756000029029" lon="-79.64746332943918">
    <ele>236.19</ele>
   </trkpt>
   <trkpt lat="43.9882700003479" lon="-79.64762666278568">
    <ele>234.04000000000002</ele>
   </trkpt>
   <trkpt lat="43.988980000000005" lon="-79.64779">
    <ele>231.65</ele>
   </trkpt>
   <trkpt lat="43.9896950001526" lon="-79.64796999783445">
    <ele>229.20000000000002</ele>
   </trkpt>
   <trkpt lat="43.990410000000004" lon="-79.64815">
    <ele>228.34</ele>
   </trkpt>
   <trkpt lat="43.99110000018706" lon="-79.6482999965102">
    <ele>229.19000000000003</ele>
   </trkpt>
   <trkpt lat="43.991790000177886" lon="-79.64844999650816">
    <ele>228.44000000000003</ele>
   </trkpt>
   <trkpt lat="43.99248" lon="-79.6486">
    <ele>226.99</ele>
   </trkpt>
   <trkpt lat="43.99326666760808" lon="-79.64880831952375">
    <ele>226.75</ele>
   </trkpt>
   <trkpt lat="43.994053334837695" lon="-79.64901664457042">
    <ele>226.70000000000002</ele>
   </trkpt>
   <trkpt lat="43.994840001688786" lon="-79.64922497514031">
    <ele>226.84</ele>
   </trkpt>
   <trkpt lat="43.99562666816135" lon="-79.64943331123372">
    <ele>227.88000000000002</ele>
   </trkpt>
   <trkpt lat="43.996413334255365" lon="-79.64964165285095">
    <ele>230.4</ele>
   </trkpt>
   <trkpt lat="43.99720000000001" lon="-79.64985">
    <ele>229.62</ele>
   </trkpt>
   <trkpt lat="43.99799" lon="-79.65003">
    <ele>229.98000000000002</ele>
   </trkpt>
   <trkpt lat="43.99803000000001" lon="-79.65043">
    <ele>229.93</ele>
   </trkpt>
   <trkpt lat="43.99799" lon="-79.65148">
    <ele>230.27000000000004</ele>
   </trkpt>
   <trkpt lat="43.997820000000004" lon="-79.6524">
    <ele>230.9</ele>
   </trkpt>
   <trkpt lat="43.99756775949231" lon="-79.65353313472984">
    <ele>232.93000000000004</ele>
   </trkpt>
   <trkpt lat="43.99731550778661" lon="-79.65466625982556">
    <ele>233.92000000000002</ele>
   </trkpt>
   <trkpt lat="43.99706324488308" lon="-79.6557993752869">
    <ele>234.78</ele>
   </trkpt>
   <trkpt lat="43.99681097078194" lon="-79.65693248111361">
    <ele>235.20000000000002</ele>
   </trkpt>
   <trkpt lat="43.996558685483365" lon="-79.65806557730542">
    <ele>235.37</ele>
   </trkpt>
   <trkpt lat="43.99630638898755" lon="-79.65919866386209">
    <ele>236.18000000000004</ele>
   </trkpt>
   <trkpt lat="43.9960540812947" lon="-79.6603317407833">
    <ele>237.32000000000002</ele>
   </trkpt>
   <trkpt lat="43.995801762405016" lon="-79.66146480806886">
    <ele>239.02</ele>
   </trkpt>
   <trkpt lat="43.99554943231867" lon="-79.66259786571848">
    <ele>239.76000000000002</ele>
   </trkpt>
   <trkpt lat="43.99529709103586" lon="-79.6637309137319">
    <ele>240.45000000000002</ele>
   </trkpt>
   <trkpt lat="43.995044738556786" lon="-79.66486395210883">
    <ele>242.95000000000002</ele>
   </trkpt>
   <trkpt lat="43.99479237488164" lon="-79.66599698084907">
    <ele>244.92000000000002</ele>
   </trkpt>
   <trkpt lat="43.99454" lon="-79.66713">
    <ele>243.90000000000003</ele>
   </trkpt>
   <trkpt lat="43.99430201822383" lon="-79.66815201637235">
    <ele>240.75000000000003</ele>
   </trkpt>
   <trkpt lat="43.994064027338204" lon="-79.66917402454747">
    <ele>240.38</ele>
   </trkpt>
   <trkpt lat="43.99382602734328" lon="-79.67019602452524">
    <ele>244.68</ele>
   </trkpt>
   <trkpt lat="43.993588018239215" lon="-79.6712180163054">
    <ele>247.60000000000002</ele>
   </trkpt>
   <trkpt lat="43.99335000000001" lon="-79.67224">
    <ele>247.27</ele>
   </trkpt>
   <trkpt lat="43.993010000000005" lon="-79.67336">
    <ele>245.8</ele>
   </trkpt>
   <trkpt lat="43.993030000000005" lon="-79.67375000000001">
    <ele>245.50000000000003</ele>
   </trkpt>
   <trkpt lat="43.993080000000006" lon="-79.67398">
    <ele>245.50000000000003</ele>
   </trkpt>
   <trkpt lat="43.993170000000006" lon="-79.67415000000001">
    <ele>245.35</ele>
   </trkpt>
   <trkpt lat="43.993280000000006" lon="-79.67425">
    <ele>245.35</ele>
   </trkpt>
   <trkpt lat="43.993700000000004" lon="-79.67454000000001">
    <ele>245.08</ele>
   </trkpt>
   <trkpt lat="43.994340000122556" lon="-79.67467499855316">
    <ele>243.58</ele>
   </trkpt>
   <trkpt lat="43.994980000000005" lon="-79.67481000000001">
    <ele>241.96</ele>
   </trkpt>
   <trkpt lat="43.99557333352363" lon="-79.6749533304697">
    <ele>240.75000000000003</ele>
   </trkpt>
   <trkpt lat="43.996166666868106" lon="-79.67509666380569">
    <ele>240.0</ele>
   </trkpt>
   <trkpt lat="43.99676" lon="-79.67524">
    <ele>239.94</ele>
   </trkpt>
   <trkpt lat="43.997620000000005" lon="-79.67541000000001">
    <ele>240.21</ele>
   </trkpt>
   <trkpt lat="43.99840666700332" lon="-79.67560999469364">
    <ele>240.40000000000003</ele>
   </trkpt>
   <trkpt lat="43.9991933336578" lon="-79.67580999469045">
    <ele>240.51000000000002</ele>
   </trkpt>
   <trkpt lat="43.99998" lon="-79.67601">
    <ele>240.6</ele>
   </trkpt>
   <trkpt lat="43.99985500177175" lon="-79.67665500157763">
    <ele>239.16</ele>
   </trkpt>
   <trkpt lat="43.99973000000001" lon="-79.6773">
    <ele>238.27</ele>
   </trkpt>
   <trkpt lat="43.99951000918721" lon="-79.67832667430577">
    <ele>236.99</ele>
   </trkpt>
   <trkpt lat="43.999290009181685" lon="-79.67935334099806">
    <ele>235.47</ele>
   </trkpt>
   <trkpt lat="43.99907" lon="-79.68038">
    <ele>231.92000000000002</ele>
   </trkpt>
   <trkpt lat="43.999080000000006" lon="-79.6807">
    <ele>231.79000000000002</ele>
   </trkpt>
   <trkpt lat="43.999140000000004" lon="-79.68101">
    <ele>231.66000000000003</ele>
   </trkpt>
   <trkpt lat="43.999230000000004" lon="-79.68124">
    <ele>231.57000000000002</ele>
   </trkpt>
   <trkpt lat="43.99974" lon="-79.68202000000001">
    <ele>231.72</ele>
   </trkpt>
   <trkpt lat="44.00018" lon="-79.68271">
    <ele>232.37</ele>
   </trkpt>
   <trkpt lat="44.00029000000001" lon="-79.68285">
    <ele>232.37</ele>
   </trkpt>
   <trkpt lat="44.00041" lon="-79.68294">
    <ele>233.09</ele>
   </trkpt>
   <trkpt lat="44.000800000000005" lon="-79.68313">
    <ele>233.67000000000002</ele>
   </trkpt>
   <trkpt lat="44.0013000003769" lon="-79.68342499751233">
    <ele>230.88000000000002</ele>
   </trkpt>
   <trkpt lat="44.0018" lon="-79.68372000000001">
    <ele>231.37</ele>
   </trkpt>
   <trkpt lat="44.00130000038209" lon="-79.68342499751539">
    <ele>231.25</ele>
   </trkpt>
   <trkpt lat="44.000800000000005" lon="-79.68313">
    <ele>233.67000000000002</ele>
   </trkpt>
   <trkpt lat="44.000640000000004" lon="-79.68368000000001">
    <ele>235.49000000000004</ele>
   </trkpt>
   <trkpt lat="44.000370000000004" lon="-79.68418000000001">
    <ele>237.67000000000002</ele>
   </trkpt>
   <trkpt lat="43.99975250943514" lon="-79.68503002656196">
    <ele>239.86</ele>
   </trkpt>
   <trkpt lat="43.99913501256884" lon="-79.68588003543091">
    <ele>242.48000000000002</ele>
   </trkpt>
   <trkpt lat="43.9985175094014" lon="-79.68673002660744">
    <ele>245.68</ele>
   </trkpt>
   <trkpt lat="43.9979" lon="-79.68758000000001">
    <ele>247.4</ele>
   </trkpt>
   <trkpt lat="43.99745500174332" lon="-79.68821500478364">
    <ele>248.08</ele>
   </trkpt>
   <trkpt lat="43.99701" lon="-79.68885">
    <ele>245.20000000000002</ele>
   </trkpt>
   <trkpt lat="43.996550000000006" lon="-79.68936000000001">
    <ele>241.70000000000002</ele>
   </trkpt>
   <trkpt lat="43.99591250560466" lon="-79.69001502111824">
    <ele>240.06000000000003</ele>
   </trkpt>
   <trkpt lat="43.99527500746751" lon="-79.69067002816273">
    <ele>238.3</ele>
   </trkpt>
   <trkpt lat="43.99463750558871" lon="-79.69132502113393">
    <ele>241.00000000000003</ele>
   </trkpt>
   <trkpt lat="43.99400000000001" lon="-79.69198">
    <ele>243.74</ele>
   </trkpt>
   <trkpt lat="43.99376" lon="-79.6922">
    <ele>242.42000000000002</ele>
   </trkpt>
   <trkpt lat="43.99365" lon="-79.69225">
    <ele>240.99</ele>
   </trkpt>
   <trkpt lat="43.993460000000006" lon="-79.69225">
    <ele>240.02</ele>
   </trkpt>
   <trkpt lat="43.99264" lon="-79.69221">
    <ele>238.22</ele>
   </trkpt>
   <trkpt lat="43.992180000000005" lon="-79.69216">
    <ele>239.03</ele>
   </trkpt>
   <trkpt lat="43.991890000000005" lon="-79.69222">
    <ele>239.43000000000004</ele>
   </trkpt>
   <trkpt lat="43.99115333706212" lon="-79.69287334954652">
    <ele>239.33</ele>
   </trkpt>
   <trkpt lat="43.9904166704015" lon="-79.69352668287416">
    <ele>241.81000000000003</ele>
   </trkpt>
   <trkpt lat="43.98968000000001" lon="-79.69418">
    <ele>242.78000000000003</ele>
   </trkpt>
   <trkpt lat="43.98999500213843" lon="-79.69487999628873">
    <ele>240.36</ele>
   </trkpt>
   <trkpt lat="43.99031" lon="-79.69558">
    <ele>240.64000000000001</ele>
   </trkpt>
   <trkpt lat="43.990080000000006" lon="-79.69565">
    <ele>240.73000000000002</ele>
   </trkpt>
   <trkpt lat="43.989720000000005" lon="-79.69574">
    <ele>241.22</ele>
   </trkpt>
   <trkpt lat="43.98894500009151" lon="-79.69582500110329">
    <ele>241.59000000000003</ele>
   </trkpt>
   <trkpt lat="43.988170000000004" lon="-79.69591000000001">
    <ele>241.19</ele>
   </trkpt>
   <trkpt lat="43.98809000000001" lon="-79.69592">
    <ele>241.19</ele>
   </trkpt>
   <trkpt lat="43.98800000000001" lon="-79.69601">
    <ele>241.19</ele>
   </trkpt>
   <trkpt lat="43.987880000000004" lon="-79.69615">
    <ele>241.19</ele>
   </trkpt>
   <trkpt lat="43.98778" lon="-79.69636000000001">
    <ele>241.07</ele>
   </trkpt>
   <trkpt lat="43.98769" lon="-79.69664">
    <ele>241.04000000000002</ele>
   </trkpt>
   <trkpt lat="43.98747000949667" lon="-79.69768334105184">
    <ele>242.18</ele>
   </trkpt>
   <trkpt lat="43.98725000949986" lon="-79.69872667436991">
    <ele>245.55</ele>
   </trkpt>
   <trkpt lat="43.987030000000004" lon="-79.69977">
    <ele>249.37</ele>
   </trkpt>
   <trkpt lat="43.9867801133236" lon="-79.7009395935701">
    <ele>246.64000000000001</ele>
   </trkpt>
   <trkpt lat="43.98653021471715" lon="-79.70210917729258">
    <ele>248.18</ele>
   </trkpt>
   <trkpt lat="43.98628030418086" lon="-79.70327875116715">
    <ele>255.37000000000003</ele>
   </trkpt>
   <trkpt lat="43.98603038171493" lon="-79.70444831519353">
    <ele>256.57</ele>
   </trkpt>
   <trkpt lat="43.98578044731959" lon="-79.70561786937138">
    <ele>251.53000000000003</ele>
   </trkpt>
   <trkpt lat="43.98553050099501" lon="-79.70678741370044">
    <ele>253.51000000000002</ele>
   </trkpt>
   <trkpt lat="43.98528054274143" lon="-79.70795694818038">
    <ele>260.23</ele>
   </trkpt>
   <trkpt lat="43.98503057255901" lon="-79.70912647281092">
    <ele>257.83</ele>
   </trkpt>
   <trkpt lat="43.98478059044799" lon="-79.71029598759173">
    <ele>254.47000000000003</ele>
   </trkpt>
   <trkpt lat="43.984530596408575" lon="-79.71146549252252">
    <ele>254.70000000000005</ele>
   </trkpt>
   <trkpt lat="43.98428059044096" lon="-79.71263498760302">
    <ele>254.56</ele>
   </trkpt>
   <trkpt lat="43.984030572545336" lon="-79.71380447283288">
    <ele>257.77</ele>
   </trkpt>
   <trkpt lat="43.98378054272194" lon="-79.71497394821183">
    <ele>266.87</ele>
   </trkpt>
   <trkpt lat="43.98353050097093" lon="-79.71614341373957">
    <ele>274.13000000000005</ele>
   </trkpt>
   <trkpt lat="43.983280447292564" lon="-79.71731286941579">
    <ele>276.41</ele>
   </trkpt>
   <trkpt lat="43.98303038168701" lon="-79.7184823152402">
    <ele>277.28000000000003</ele>
   </trkpt>
   <trkpt lat="43.98278030415447" lon="-79.71965175121247">
    <ele>277.69000000000005</ele>
   </trkpt>
   <trkpt lat="43.98253021469518" lon="-79.72082117733233">
    <ele>277.66</ele>
   </trkpt>
   <trkpt lat="43.982280113309315" lon="-79.72199059359944">
    <ele>278.52000000000004</ele>
   </trkpt>
   <trkpt lat="43.98203" lon="-79.72316000000001">
    <ele>281.6</ele>
   </trkpt>
   <trkpt lat="43.98129166738077" lon="-79.7229783220361">
    <ele>281.82</ele>
   </trkpt>
   <trkpt lat="43.98055333447369" lon="-79.72279664859084">
    <ele>282.79</ele>
   </trkpt>
   <trkpt lat="43.97981500127877" lon="-79.72261497966403">
    <ele>283.31</ele>
   </trkpt>
   <trkpt lat="43.979076667796036" lon="-79.72243331525543">
    <ele>282.3</ele>
   </trkpt>
   <trkpt lat="43.97833833402549" lon="-79.72225165536479">
    <ele>281.93</ele>
   </trkpt>
   <trkpt lat="43.9776" lon="-79.72207">
    <ele>281.39000000000004</ele>
   </trkpt>
   <trkpt lat="43.97701000020657" lon="-79.72190999681591">
    <ele>280.30000000000007</ele>
   </trkpt>
   <trkpt lat="43.976420000189854" lon="-79.72174999681143">
    <ele>278.23</ele>
   </trkpt>
   <trkpt lat="43.97583" lon="-79.72159">
    <ele>272.21</ele>
   </trkpt>
   <trkpt lat="43.97514250033384" lon="-79.7214249942639">
    <ele>268.83</ele>
   </trkpt>
   <trkpt lat="43.97445500043021" lon="-79.72125999234841">
    <ele>267.14000000000004</ele>
   </trkpt>
   <trkpt lat="43.97376750028917" lon="-79.72109499425335">
    <ele>269.18</ele>
   </trkpt>
   <trkpt lat="43.97308" lon="-79.72093000000001">
    <ele>273.08000000000004</ele>
   </trkpt>
   <trkpt lat="43.972290000551716" lon="-79.72072249171647">
    <ele>279.14</ele>
   </trkpt>
   <trkpt lat="43.9715000007279" lon="-79.72051498895347">
    <ele>277.72</ele>
   </trkpt>
   <trkpt lat="43.97071000052861" lon="-79.72030749171071">
    <ele>272.29</ele>
   </trkpt>
   <trkpt lat="43.96992" lon="-79.7201">
    <ele>273.95000000000005</ele>
   </trkpt>
   <trkpt lat="43.96911000037159" lon="-79.71990332797765">
    <ele>278.54</ele>
   </trkpt>
   <trkpt lat="43.96830000040586" lon="-79.7197066613194">
    <ele>280.88</ele>
   </trkpt>
   <trkpt lat="43.967490000000005" lon="-79.71951">
    <ele>283.96000000000004</ele>
   </trkpt>
   <trkpt lat="43.966780000449155" lon="-79.71932499336663">
    <ele>289.95000000000005</ele>
   </trkpt>
   <trkpt lat="43.96607000059979" lon="-79.7191399911559">
    <ele>294.12000000000006</ele>
   </trkpt>
   <trkpt lat="43.965360000451966" lon="-79.71895499336759">
    <ele>297.92</ele>
   </trkpt>
   <trkpt lat="43.964650000000006" lon="-79.71877">
    <ele>302.33000000000004</ele>
   </trkpt>
   <trkpt lat="43.964040000000004" lon="-79.71863">
    <ele>303.8</ele>
   </trkpt>
   <trkpt lat="43.96352500002653" lon="-79.71849499881581">
    <ele>303.15000000000003</ele>
   </trkpt>
   <trkpt lat="43.963010000000004" lon="-79.71836">
    <ele>300.11</ele>
   </trkpt>
   <trkpt lat="43.96224333361979" lon="-79.71817666193337">
    <ele>294.88000000000005</ele>
   </trkpt>
   <trkpt lat="43.96147666694645" lon="-79.71799332859854">
    <ele>291.78000000000003</ele>
   </trkpt>
   <trkpt lat="43.960710000000006" lon="-79.71781">
    <ele>289.48</ele>
   </trkpt>
   <trkpt lat="43.95995400062911" lon="-79.71761999032965">
    <ele>289.08</ele>
   </trkpt>
   <trkpt lat="43.95919800094336" lon="-79.71742998549463">
    <ele>289.89000000000004</ele>
   </trkpt>
   <trkpt lat="43.958442000942796" lon="-79.71723998549476">
    <ele>292.82</ele>
   </trkpt>
   <trkpt lat="43.957686000627405" lon="-79.71704999032973">
    <ele>299.23</ele>
   </trkpt>
   <trkpt lat="43.95693000000001" lon="-79.71686000000001">
    <ele>298.88000000000005</ele>
   </trkpt>
   <trkpt lat="43.956185000738934" lon="-79.71667498840135">
    <ele>297.45000000000005</ele>
   </trkpt>
   <trkpt lat="43.955440001179355" lon="-79.71648998144175">
    <ele>296.1</ele>
   </trkpt>
   <trkpt lat="43.95469500132129" lon="-79.71630497912095">
    <ele>293.97</ele>
   </trkpt>
   <trkpt lat="43.95395000116475" lon="-79.71611998143874">
    <ele>295.99</ele>
   </trkpt>
   <trkpt lat="43.953205000709765" lon="-79.71593498839489">
    <ele>295.07</ele>
   </trkpt>
   <trkpt lat="43.95246" lon="-79.71575">
    <ele>291.77000000000004</ele>
   </trkpt>
   <trkpt lat="43.95215" lon="-79.71566">
    <ele>290.90000000000003</ele>
   </trkpt>
   <trkpt lat="43.95126750050362" lon="-79.71545749097196">
    <ele>289.78000000000003</ele>
   </trkpt>
   <trkpt lat="43.95038500064962" lon="-79.71525498795783">
    <ele>287.87</ele>
   </trkpt>
   <trkpt lat="43.94950250043799" lon="-79.71505249095729">
    <ele>287.34000000000003</ele>
   </trkpt>
   <trkpt lat="43.948620000000005" lon="-79.71485000000001">
    <ele>288.12000000000006</ele>
   </trkpt>
   <trkpt lat="43.947912500423115" lon="-79.71467249366457">
    <ele>287.44</ele>
   </trkpt>
   <trkpt lat="43.947205000571465" lon="-79.7144949915547">
    <ele>285.37</ele>
   </trkpt>
   <trkpt lat="43.94649750044504" lon="-79.71431749367026">
    <ele>282.23</ele>
   </trkpt>
   <trkpt lat="43.94579" lon="-79.71414">
    <ele>283.53</ele>
   </trkpt>
   <trkpt lat="43.94579" lon="-79.71415">
    <ele>283.53</ele>
   </trkpt>
   <trkpt lat="43.94572000334871" lon="-79.71502500090169">
    <ele>285.21000000000004</ele>
   </trkpt>
   <trkpt lat="43.94565" lon="-79.7159">
    <ele>288.62000000000006</ele>
   </trkpt>
   <trkpt lat="43.94556" lon="-79.71643">
    <ele>290.68000000000006</ele>
   </trkpt>
   <trkpt lat="43.94536751125327" lon="-79.71735750900983">
    <ele>293.64</ele>
   </trkpt>
   <trkpt lat="43.945175015004374" lon="-79.71828501201284">
    <ele>295.28999999999996</ele>
   </trkpt>
   <trkpt lat="43.94498251125341" lon="-79.71921250900884">
    <ele>294.95000000000005</ele>
   </trkpt>
   <trkpt lat="43.944790000000005" lon="-79.72014">
    <ele>292.23</ele>
   </trkpt>
   <trkpt lat="43.944660002215485" lon="-79.7208550016387">
    <ele>289.01000000000005</ele>
   </trkpt>
   <trkpt lat="43.94453" lon="-79.72157">
    <ele>284.31</ele>
   </trkpt>
   <trkpt lat="43.944305023732696" lon="-79.72261335307606">
    <ele>280.59</ele>
   </trkpt>
   <trkpt lat="43.94408003797222" lon="-79.72365669825487">
    <ele>278.96000000000004</ele>
   </trkpt>
   <trkpt lat="43.943855042718695" lon="-79.72470003553624">
    <ele>278.7</ele>
   </trkpt>
   <trkpt lat="43.943630037972284" lon="-79.72574336491995">
    <ele>277.93</ele>
   </trkpt>
   <trkpt lat="43.943405023733135" lon="-79.72678668640579">
    <ele>276.59</ele>
   </trkpt>
   <trkpt lat="43.943180000000005" lon="-79.72783000000001">
    <ele>275.72</ele>
   </trkpt>
   <trkpt lat="43.94293893546805" lon="-79.72898559305075">
    <ele>274.55</ele>
   </trkpt>
   <trkpt lat="43.9426978592906" lon="-79.73014117672962">
    <ele>274.51000000000005</ele>
   </trkpt>
   <trkpt lat="43.94245677146783" lon="-79.73129675103634">
    <ele>274.32</ele>
   </trkpt>
   <trkpt lat="43.94221567199997" lon="-79.73245231597059">
    <ele>274.0</ele>
   </trkpt>
   <trkpt lat="43.94197456088719" lon="-79.73360787153209">
    <ele>273.67</ele>
   </trkpt>
   <trkpt lat="43.94173343812968" lon="-79.73476341772052">
    <ele>273.58000000000004</ele>
   </trkpt>
   <trkpt lat="43.94149230372763" lon="-79.73591895453562">
    <ele>274.23</ele>
   </trkpt>
   <trkpt lat="43.94125115768126" lon="-79.73707448197706">
    <ele>274.90000000000003</ele>
   </trkpt>
   <trkpt lat="43.941010000000006" lon="-79.73823">
    <ele>273.78000000000003</ele>
   </trkpt>
   <trkpt lat="43.94082" lon="-79.73885000000001">
    <ele>272.57000000000005</ele>
   </trkpt>
   <trkpt lat="43.94068" lon="-79.73916000000001">
    <ele>271.42</ele>
   </trkpt>
   <trkpt lat="43.940490000000004" lon="-79.73957">
    <ele>270.1</ele>
   </trkpt>
   <trkpt lat="43.94017" lon="-79.74033">
    <ele>268.83</ele>
   </trkpt>
   <trkpt lat="43.93997" lon="-79.74092">
    <ele>267.75000000000006</ele>
   </trkpt>
   <trkpt lat="43.93983" lon="-79.74145">
    <ele>266.5</ele>
   </trkpt>
   <trkpt lat="43.93964000697271" lon="-79.74234333898062">
    <ele>264.86</ele>
   </trkpt>
   <trkpt lat="43.9394500069859" lon="-79.74323667225187">
    <ele>263.19000000000005</ele>
   </trkpt>
   <trkpt lat="43.939260000000004" lon="-79.74413000000001">
    <ele>261.93</ele>
   </trkpt>
   <trkpt lat="43.939130000000006" lon="-79.74458000000001">
    <ele>261.74</ele>
   </trkpt>
   <trkpt lat="43.938930000000006" lon="-79.74503">
    <ele>262.05</ele>
   </trkpt>
   <trkpt lat="43.93862" lon="-79.74547000000001">
    <ele>262.56</ele>
   </trkpt>
   <trkpt lat="43.93844000000001" lon="-79.74565000000001">
    <ele>262.89</ele>
   </trkpt>
   <trkpt lat="43.937670000000004" lon="-79.74628000000001">
    <ele>263.61</ele>
   </trkpt>
   <trkpt lat="43.938030001178184" lon="-79.74679999685044">
    <ele>260.86</ele>
   </trkpt>
   <trkpt lat="43.938390000000005" lon="-79.74732">
    <ele>259.38</ele>
   </trkpt>
   <trkpt lat="43.93899446776992" lon="-79.74813771126564">
    <ele>261.31000000000006</ele>
   </trkpt>
   <trkpt lat="43.93959892970863" lon="-79.74895543915754">
    <ele>266.89</ele>
   </trkpt>
   <trkpt lat="43.9402033858159" lon="-79.74977318367621">
    <ele>268.89</ele>
   </trkpt>
   <trkpt lat="43.94080783609148" lon="-79.75059094482222">
    <ele>268.25000000000006</ele>
   </trkpt>
   <trkpt lat="43.941412280535125" lon="-79.75140872259607">
    <ele>269.49</ele>
   </trkpt>
   <trkpt lat="43.942016719146594" lon="-79.75222651699829">
    <ele>270.02000000000004</ele>
   </trkpt>
   <trkpt lat="43.942621151925664" lon="-79.7530443280294">
    <ele>272.59</ele>
   </trkpt>
   <trkpt lat="43.94322557887207" lon="-79.75386215568997">
    <ele>274.42</ele>
   </trkpt>
   <trkpt lat="43.943830000000005" lon="-79.75468000000001">
    <ele>277.46000000000004</ele>
   </trkpt>
   <trkpt lat="43.9442000012297" lon="-79.75520999670825">
    <ele>278.09</ele>
   </trkpt>
   <trkpt lat="43.944570000000006" lon="-79.75574">
    <ele>278.05</ele>
   </trkpt>
   <trkpt lat="43.945065002096705" lon="-79.75641999444822">
    <ele>280.73</ele>
   </trkpt>
   <trkpt lat="43.94556" lon="-79.75710000000001">
    <ele>281.80000000000007</ele>
   </trkpt>
   <trkpt lat="43.94619251004964" lon="-79.7579774719572">
    <ele>283.83000000000004</ele>
   </trkpt>
   <trkpt lat="43.946825013384554" lon="-79.75885496258816">
    <ele>286.99</ele>
   </trkpt>
   <trkpt lat="43.94745751000443" lon="-79.75973247189346">
    <ele>285.38</ele>
   </trkpt>
   <trkpt lat="43.94809" lon="-79.76061">
    <ele>282.35</ele>
   </trkpt>
   <trkpt lat="43.94874" lon="-79.76146">
    <ele>284.87</ele>
   </trkpt>
   <trkpt lat="43.94937144844098" lon="-79.7623313730277">
    <ele>287.71000000000004</ele>
   </trkpt>
   <trkpt lat="43.95000289026021" lon="-79.76320276457028">
    <ele>289.78000000000003</ele>
   </trkpt>
   <trkpt lat="43.95063432545739" lon="-79.76407417462838">
    <ele>293.48</ele>
   </trkpt>
   <trkpt lat="43.95126575403225" lon="-79.76494560320253">
    <ele>297.75</ele>
   </trkpt>
   <trkpt lat="43.95189717598452" lon="-79.7658170502934">
    <ele>299.27000000000004</ele>
   </trkpt>
   <trkpt lat="43.95252859131388" lon="-79.76668851590159">
    <ele>301.08</ele>
   </trkpt>
   <trkpt lat="43.953160000000004" lon="-79.76756">
    <ele>298.28000000000003</ele>
   </trkpt>
   <trkpt lat="43.953778013141864" lon="-79.76842796389485">
    <ele>297.7</ele>
   </trkpt>
   <trkpt lat="43.95439601971365" lon="-79.7692959458425">
    <ele>302.59000000000003</ele>
   </trkpt>
   <trkpt lat="43.95501401971509" lon="-79.77016394584355">
    <ele>313.36</ele>
   </trkpt>
   <trkpt lat="43.955632013145895" lon="-79.77103196389857">
    <ele>319.6</ele>
   </trkpt>
   <trkpt lat="43.956250000000004" lon="-79.7719">
    <ele>325.70000000000005</ele>
   </trkpt>
   <trkpt lat="43.95668000145836" lon="-79.77247999579139">
    <ele>329.22</ele>
   </trkpt>
   <trkpt lat="43.95711" lon="-79.77306">
    <ele>330.99</ele>
   </trkpt>
   <trkpt lat="43.95645001340625" lon="-79.77377576197682">
    <ele>333.97</ele>
   </trkpt>
   <trkpt lat="43.95579002234477" lon="-79.77449150805413">
    <ele>335.05</ele>
   </trkpt>
   <trkpt lat="43.95513002681577" lon="-79.7752072382325">
    <ele>336.90000000000003</ele>
   </trkpt>
   <trkpt lat="43.95447002681944" lon="-79.77592295251257">
    <ele>338.88</ele>
   </trkpt>
   <trkpt lat="43.953810022355995" lon="-79.77663865089495">
    <ele>336.5</ele>
   </trkpt>
   <trkpt lat="43.95315001342563" lon="-79.77735433338025">
    <ele>333.73</ele>
   </trkpt>
   <trkpt lat="43.952490000000004" lon="-79.77807">
    <ele>326.04</ele>
   </trkpt>
   <trkpt lat="43.952380000000005" lon="-79.77816">
    <ele>324.64000000000004</ele>
   </trkpt>
   <trkpt lat="43.95197" lon="-79.77835">
    <ele>321.12</ele>
   </trkpt>
   <trkpt lat="43.95134000002996" lon="-79.77861500292526">
    <ele>317.09000000000003</ele>
   </trkpt>
   <trkpt lat="43.95071" lon="-79.77888">
    <ele>311.53000000000003</ele>
   </trkpt>
   <trkpt lat="43.950430000000004" lon="-79.77906">
    <ele>309.1</ele>
   </trkpt>
   <trkpt lat="43.95007000072511" lon="-79.7794400022009">
    <ele>303.91</ele>
   </trkpt>
   <trkpt lat="43.94971" lon="-79.77982">
    <ele>301.69</ele>
   </trkpt>
   <trkpt lat="43.94915500516729" lon="-79.78044751755935">
    <ele>298.2</ele>
   </trkpt>
   <trkpt lat="43.94860000690058" lon="-79.78107502339982">
    <ele>291.49</ele>
   </trkpt>
   <trkpt lat="43.948045005200015" lon="-79.78170251752182">
    <ele>288.85</ele>
   </trkpt>
   <trkpt lat="43.94749" lon="-79.78233">
    <ele>289.8</ele>
   </trkpt>
   <trkpt lat="43.947010000000006" lon="-79.78281000000001">
    <ele>289.38</ele>
   </trkpt>
   <trkpt lat="43.94638716265936" lon="-79.78193994530403">
    <ele>283.61</ele>
   </trkpt>
   <trkpt lat="43.9457643187173" lon="-79.78106990884072">
    <ele>277.34000000000003</ele>
   </trkpt>
   <trkpt lat="43.945141468174086" lon="-79.7801998906095">
    <ele>277.52000000000004</ele>
   </trkpt>
   <trkpt lat="43.94451861103003" lon="-79.77932989060976">
    <ele>280.33000000000004</ele>
   </trkpt>
   <trkpt lat="43.94389574728539" lon="-79.77845990884094">
    <ele>284.92</ele>
   </trkpt>
   <trkpt lat="43.94327287694045" lon="-79.77758994530244">
    <ele>281.98</ele>
   </trkpt>
   <trkpt lat="43.94265" lon="-79.77672000000001">
    <ele>279.99</ele>
   </trkpt>
   <trkpt lat="43.94227" lon="-79.7762">
    <ele>278.41</ele>
   </trkpt>
   <trkpt lat="43.94176000445094" lon="-79.77548332099829">
    <ele>275.2</ele>
   </trkpt>
   <trkpt lat="43.94125000442276" lon="-79.7747666542922">
    <ele>276.76</ele>
   </trkpt>
   <trkpt lat="43.940740000000005" lon="-79.77405">
    <ele>279.31</ele>
   </trkpt>
   <trkpt lat="43.940105733760014" lon="-79.77318708762168">
    <ele>279.95000000000005</ele>
   </trkpt>
   <trkpt lat="43.93947146102659" lon="-79.7723241936541">
    <ele>278.91</ele>
   </trkpt>
   <trkpt lat="43.93883718180002" lon="-79.77146131809671">
    <ele>275.07000000000005</ele>
   </trkpt>
   <trkpt lat="43.938202896080575" lon="-79.77059846094883">
    <ele>272.92</ele>
   </trkpt>
   <trkpt lat="43.93756860386856" lon="-79.7697356222099">
    <ele>268.69000000000005</ele>
   </trkpt>
   <trkpt lat="43.936934305164236" lon="-79.76887280187927">
    <ele>264.37</ele>
   </trkpt>
   <trkpt lat="43.9363" lon="-79.76801">
    <ele>264.21</ele>
   </trkpt>
   <trkpt lat="43.935676029912116" lon="-79.76713691755906">
    <ele>264.48</ele>
   </trkpt>
   <trkpt lat="43.93505205317689" lon="-79.76626385344065">
    <ele>264.11</ele>
   </trkpt>
   <trkpt lat="43.934428069794585" lon="-79.76539080764418">
    <ele>264.90000000000003</ele>
   </trkpt>
   <trkpt lat="43.93380407976549" lon="-79.76451778016907">
    <ele>262.96000000000004</ele>
   </trkpt>
   <trkpt lat="43.93318008308988" lon="-79.76364477101474">
    <ele>258.40000000000003</ele>
   </trkpt>
   <trkpt lat="43.93255607976807" lon="-79.76277178018057">
    <ele>256.39</ele>
   </trkpt>
   <trkpt lat="43.931932069800304" lon="-79.76189880766601">
    <ele>258.73</ele>
   </trkpt>
   <trkpt lat="43.9313080531869" lon="-79.76102585347044">
    <ele>258.92</ele>
   </trkpt>
   <trkpt lat="43.93068402992814" lon="-79.7601529175933">
    <ele>259.46000000000004</ele>
   </trkpt>
   <trkpt lat="43.930060000000005" lon="-79.75928">
    <ele>261.09999999999997</ele>
   </trkpt>
   <trkpt lat="43.929482755374686" lon="-79.75847719482631">
    <ele>264.79</ele>
   </trkpt>
   <trkpt lat="43.9289055051291" lon="-79.7576744052353">
    <ele>267.11</ele>
   </trkpt>
   <trkpt lat="43.92832824926348" lon="-79.75687163122656">
    <ele>263.69000000000005</ele>
   </trkpt>
   <trkpt lat="43.927750987778055" lon="-79.75606887279957">
    <ele>261.27</ele>
   </trkpt>
   <trkpt lat="43.927173720673046" lon="-79.7552661299539">
    <ele>262.56</ele>
   </trkpt>
   <trkpt lat="43.926596447948654" lon="-79.75446340268907">
    <ele>264.15</ele>
   </trkpt>
   <trkpt lat="43.926019169605134" lon="-79.75366069100461">
    <ele>260.87000000000006</ele>
   </trkpt>
   <trkpt lat="43.92544188564269" lon="-79.75285799490005">
    <ele>254.18</ele>
   </trkpt>
   <trkpt lat="43.92486459606155" lon="-79.75205531437497">
    <ele>247.52</ele>
   </trkpt>
   <trkpt lat="43.92428730086194" lon="-79.75125264942886">
    <ele>244.57</ele>
   </trkpt>
   <trkpt lat="43.92371000000001" lon="-79.75045">
    <ele>245.33</ele>
   </trkpt>
   <trkpt lat="43.92312250825918" lon="-79.74965497643612">
    <ele>250.25000000000003</ele>
   </trkpt>
   <trkpt lat="43.92253501100655" lon="-79.74885996857434">
    <ele>251.79000000000002</ele>
   </trkpt>
   <trkpt lat="43.92194750824236" lon="-79.74806497641417">
    <ele>251.01000000000002</ele>
   </trkpt>
   <trkpt lat="43.92136000000001" lon="-79.74727">
    <ele>250.54000000000005</ele>
   </trkpt>
   <trkpt lat="43.920790000000004" lon="-79.74646000000001">
    <ele>250.31000000000003</ele>
   </trkpt>
   <trkpt lat="43.92022500271354" lon="-79.74567499258248">
    <ele>261.15000000000003</ele>
   </trkpt>
   <trkpt lat="43.91966" lon="-79.74489000000001">
    <ele>268.05</ele>
   </trkpt>
   <trkpt lat="43.91902877264997" lon="-79.74402868605438">
    <ele>270.09</ele>
   </trkpt>
   <trkpt lat="43.918397538830746" lon="-79.74316739038389">
    <ele>267.52000000000004</ele>
   </trkpt>
   <trkpt lat="43.917766298542546" lon="-79.74230611298796">
    <ele>261.01</ele>
   </trkpt>
   <trkpt lat="43.91713505178571" lon="-79.74144485386599">
    <ele>260.45</ele>
   </trkpt>
   <trkpt lat="43.9165037985605" lon="-79.74058361301735">
    <ele>258.3</ele>
   </trkpt>
   <trkpt lat="43.915872538867184" lon="-79.73972239044147">
    <ele>263.93</ele>
   </trkpt>
   <trkpt lat="43.91524127270603" lon="-79.73886118613773">
    <ele>262.34000000000003</ele>
   </trkpt>
   <trkpt lat="43.91461" lon="-79.738">
    <ele>264.36</ele>
   </trkpt>
   <trkpt lat="43.91401144574148" lon="-79.73718995112478">
    <ele>269.85</ele>
   </trkpt>
   <trkpt lat="43.91341288576095" lon="-79.73637991854447">
    <ele>269.85</ele>
   </trkpt>
   <trkpt lat="43.91281432005864" lon="-79.7355699022586">
    <ele>269.5</ele>
   </trkpt>
   <trkpt lat="43.91221574863477" lon="-79.73475990226665">
    <ele>267.94</ele>
   </trkpt>
   <trkpt lat="43.91161717148961" lon="-79.73394991856807">
    <ele>267.35</ele>
   </trkpt>
   <trkpt lat="43.91101858862336" lon="-79.7331399511624">
    <ele>265.1</ele>
   </trkpt>
   <trkpt lat="43.91042" lon="-79.73233">
    <ele>256.01</ele>
   </trkpt>
   <trkpt lat="43.90986333811349" lon="-79.73159331961683">
    <ele>261.46000000000004</ele>
   </trkpt>
   <trkpt lat="43.90930667149456" lon="-79.73085665301355">
    <ele>265.5</ele>
   </trkpt>
   <trkpt lat="43.908750000000005" lon="-79.73012">
    <ele>263.1</ele>
   </trkpt>
   <trkpt lat="43.90869000000001" lon="-79.72998000000001">
    <ele>262.28000000000003</ele>
   </trkpt>
   <trkpt lat="43.9087" lon="-79.72983">
    <ele>262.28000000000003</ele>
   </trkpt>
   <trkpt lat="43.90802000121519" lon="-79.72946332497864">
    <ele>251.92000000000002</ele>
   </trkpt>
   <trkpt lat="43.907340001257936" lon="-79.72909665833518">
    <ele>246.06000000000003</ele>
   </trkpt>
   <trkpt lat="43.90666" lon="-79.72873000000001">
    <ele>242.05</ele>
   </trkpt>
   <trkpt lat="43.90587500123968" lon="-79.7282099931828">
    <ele>238.12000000000003</ele>
   </trkpt>
   <trkpt lat="43.90509" lon="-79.72769000000001">
    <ele>239.41</ele>
   </trkpt>
   <trkpt lat="43.90445250150487" lon="-79.72734748898081">
    <ele>236.86</ele>
   </trkpt>
   <trkpt lat="43.90381500198676" lon="-79.72700498529736">
    <ele>230.99000000000004</ele>
   </trkpt>
   <trkpt lat="43.90317750144568" lon="-79.72666248894934">
    <ele>225.16000000000003</ele>
   </trkpt>
   <trkpt lat="43.90254" lon="-79.72632">
    <ele>221.56</ele>
   </trkpt>
   <trkpt lat="43.90174333764928" lon="-79.72587497022634">
    <ele>221.62</ele>
   </trkpt>
   <trkpt lat="43.900946673571525" lon="-79.7254299523627">
    <ele>222.04000000000002</ele>
   </trkpt>
   <trkpt lat="43.900150007766875" lon="-79.72498494640845">
    <ele>224.75</ele>
   </trkpt>
   <trkpt lat="43.8993533402354" lon="-79.72453995236296">
    <ele>231.16000000000003</ele>
   </trkpt>
   <trkpt lat="43.8985566709772" lon="-79.72409497022558">
    <ele>235.27</ele>
   </trkpt>
   <trkpt lat="43.897760000000005" lon="-79.72365">
    <ele>236.92000000000002</ele>
   </trkpt>
   <trkpt lat="43.89695084275929" lon="-79.72320660040012">
    <ele>230.4</ele>
   </trkpt>
   <trkpt lat="43.89614168380421" lon="-79.72276321285072">
    <ele>218.41000000000003</ele>
   </trkpt>
   <trkpt lat="43.89533252313486" lon="-79.72231983735114">
    <ele>212.67000000000002</ele>
   </trkpt>
   <trkpt lat="43.89452336075132" lon="-79.72187647390075">
    <ele>211.50000000000003</ele>
   </trkpt>
   <trkpt lat="43.89371419665371" lon="-79.7214331224989">
    <ele>211.79</ele>
   </trkpt>
   <trkpt lat="43.89290503084211" lon="-79.72098978314496">
    <ele>215.68</ele>
   </trkpt>
   <trkpt lat="43.892095863316605" lon="-79.72054645583826">
    <ele>220.83</ele>
   </trkpt>
   <trkpt lat="43.891286694077294" lon="-79.7201031405782">
    <ele>219.73000000000002</ele>
   </trkpt>
   <trkpt lat="43.890477523124304" lon="-79.71965983736412">
    <ele>214.06000000000003</ele>
   </trkpt>
   <trkpt lat="43.8896683504577" lon="-79.71921654619536">
    <ele>210.39000000000001</ele>
   </trkpt>
   <trkpt lat="43.88885917607758" lon="-79.71877326707128">
    <ele>210.21</ele>
   </trkpt>
   <trkpt lat="43.88805000000001" lon="-79.71833000000001">
    <ele>210.58</ele>
   </trkpt>
   <trkpt lat="43.887615000353996" lon="-79.71810999846568">
    <ele>209.05</ele>
   </trkpt>
   <trkpt lat="43.88718" lon="-79.71789000000001">
    <ele>209.1</ele>
   </trkpt>
   <trkpt lat="43.886610000000005" lon="-79.71753000000001">
    <ele>210.52</ele>
   </trkpt>
   <trkpt lat="43.88617000000001" lon="-79.7172">
    <ele>211.43</ele>
   </trkpt>
   <trkpt lat="43.88550333578676" lon="-79.71666998814025">
    <ele>214.87</ele>
   </trkpt>
   <trkpt lat="43.88483666912399" lon="-79.71613998814355">
    <ele>220.87</ele>
   </trkpt>
   <trkpt lat="43.884170000000005" lon="-79.71561000000001">
    <ele>228.52</ele>
   </trkpt>
   <trkpt lat="43.88335500098009" lon="-79.71514499365988">
    <ele>234.88</ele>
   </trkpt>
   <trkpt lat="43.882540000000006" lon="-79.71468">
    <ele>238.62000000000003</ele>
   </trkpt>
   <trkpt lat="43.882045000249285" lon="-79.71441499776773">
    <ele>239.32000000000002</ele>
   </trkpt>
   <trkpt lat="43.881550000000004" lon="-79.71415">
    <ele>239.37000000000003</ele>
   </trkpt>
   <trkpt lat="43.88091" lon="-79.71392">
    <ele>239.40000000000003</ele>
   </trkpt>
   <trkpt lat="43.88034000014149" lon="-79.71380499891671">
    <ele>239.76000000000002</ele>
   </trkpt>
   <trkpt lat="43.87977" lon="-79.71369">
    <ele>240.21</ele>
   </trkpt>
   <trkpt lat="43.879450000000006" lon="-79.71357">
    <ele>240.45000000000002</ele>
   </trkpt>
   <trkpt lat="43.87870333484926" lon="-79.71315332289164">
    <ele>241.12000000000003</ele>
   </trkpt>
   <trkpt lat="43.8779566681846" lon="-79.71273665622627">
    <ele>242.91</ele>
   </trkpt>
   <trkpt lat="43.877210000000005" lon="-79.71232">
    <ele>245.47000000000003</ele>
   </trkpt>
   <trkpt lat="43.87668000031451" lon="-79.71202999739207">
    <ele>245.92000000000002</ele>
   </trkpt>
   <trkpt lat="43.87615" lon="-79.71174">
    <ele>245.94000000000003</ele>
   </trkpt>
   <trkpt lat="43.8755666676531" lon="-79.71139332650971">
    <ele>245.99</ele>
   </trkpt>
   <trkpt lat="43.87498333425827" lon="-79.71104665980657">
    <ele>245.71</ele>
   </trkpt>
   <trkpt lat="43.8744" lon="-79.7107">
    <ele>245.37000000000003</ele>
   </trkpt>
   <trkpt lat="43.873670001393606" lon="-79.7102966567716">
    <ele>243.31000000000003</ele>
   </trkpt>
   <trkpt lat="43.87294000136863" lon="-79.70989332342465">
    <ele>243.75000000000003</ele>
   </trkpt>
   <trkpt lat="43.87221" lon="-79.70949">
    <ele>245.25000000000003</ele>
   </trkpt>
   <trkpt lat="43.871930000000006" lon="-79.70934000000001">
    <ele>245.24</ele>
   </trkpt>
   <trkpt lat="43.87150000029824" lon="-79.70909499825316">
    <ele>244.93</ele>
   </trkpt>
   <trkpt lat="43.87107" lon="-79.70885000000001">
    <ele>243.63</ele>
   </trkpt>
   <trkpt lat="43.871313378839005" lon="-79.70770781508746">
    <ele>241.48000000000002</ele>
   </trkpt>
   <trkpt lat="43.871556746302076" lon="-79.7065656208466">
    <ele>240.78000000000003</ele>
   </trkpt>
   <trkpt lat="43.871800102389045" lon="-79.7054234172777">
    <ele>240.1</ele>
   </trkpt>
   <trkpt lat="43.8720434470997" lon="-79.70428120438105">
    <ele>239.85</ele>
   </trkpt>
   <trkpt lat="43.872286780433875" lon="-79.70313898215693">
    <ele>239.25</ele>
   </trkpt>
   <trkpt lat="43.872530102391366" lon="-79.70199675060562">
    <ele>238.48000000000002</ele>
   </trkpt>
   <trkpt lat="43.87277341297198" lon="-79.70085450972739">
    <ele>236.39000000000001</ele>
   </trkpt>
   <trkpt lat="43.87301671217555" lon="-79.69971225952254">
    <ele>234.68000000000004</ele>
   </trkpt>
   <trkpt lat="43.87326" lon="-79.69857">
    <ele>237.12000000000003</ele>
   </trkpt>
   <trkpt lat="43.87335" lon="-79.69807">
    <ele>236.97</ele>
   </trkpt>
   <trkpt lat="43.87333" lon="-79.69774000000001">
    <ele>236.92000000000002</ele>
   </trkpt>
   <trkpt lat="43.87323000000001" lon="-79.69748000000001">
    <ele>236.94</ele>
   </trkpt>
   <trkpt lat="43.872890000000005" lon="-79.69699">
    <ele>236.96000000000004</ele>
   </trkpt>
   <trkpt lat="43.872620000000005" lon="-79.69687">
    <ele>235.82000000000002</ele>
   </trkpt>
   <trkpt lat="43.87178000183617" lon="-79.69667413630565">
    <ele>230.25</ele>
   </trkpt>
   <trkpt lat="43.87094000333782" lon="-79.69647827813237">
    <ele>237.53</ele>
   </trkpt>
   <trkpt lat="43.870100004505" lon="-79.6962824254799">
    <ele>237.75</ele>
   </trkpt>
   <trkpt lat="43.86926000533769" lon="-79.69608657834787">
    <ele>237.59000000000003</ele>
   </trkpt>
   <trkpt lat="43.86842000583595" lon="-79.69589073673603">
    <ele>237.77</ele>
   </trkpt>
   <trkpt lat="43.86758000599978" lon="-79.69569490064401">
    <ele>237.84000000000003</ele>
   </trkpt>
   <trkpt lat="43.86674000582918" lon="-79.6954990700715">
    <ele>235.86</ele>
   </trkpt>
   <trkpt lat="43.865900005324185" lon="-79.69530324501822">
    <ele>235.21000000000004</ele>
   </trkpt>
   <trkpt lat="43.865060004484846" lon="-79.69510742548383">
    <ele>234.88</ele>
   </trkpt>
   <trkpt lat="43.86422000331111" lon="-79.69491161146803">
    <ele>234.8</ele>
   </trkpt>
   <trkpt lat="43.86338000180307" lon="-79.69471580297046">
    <ele>234.93000000000004</ele>
   </trkpt>
   <trkpt lat="43.86254" lon="-79.69452000000001">
    <ele>235.29000000000002</ele>
   </trkpt>
   <trkpt lat="43.86215000000001" lon="-79.69446">
    <ele>235.16</ele>
   </trkpt>
   <trkpt lat="43.86130833423676" lon="-79.69425498552701">
    <ele>234.76000000000002</ele>
   </trkpt>
   <trkpt lat="43.860466668107044" lon="-79.69404997684241">
    <ele>234.11</ele>
   </trkpt>
   <trkpt lat="43.85962500161084" lon="-79.69384497394589">
    <ele>234.09</ele>
   </trkpt>
   <trkpt lat="43.85878333474819" lon="-79.69363997683709">
    <ele>231.63000000000002</ele>
   </trkpt>
   <trkpt lat="43.857941667519135" lon="-79.69343498551571">
    <ele>230.23000000000002</ele>
   </trkpt>
   <trkpt lat="43.8571" lon="-79.69323">
    <ele>229.04000000000002</ele>
   </trkpt>
   <trkpt lat="43.856486666786516" lon="-79.69309666391618">
    <ele>228.63000000000002</ele>
   </trkpt>
   <trkpt lat="43.855873333418" lon="-79.69296333057524">
    <ele>228.22</ele>
   </trkpt>
   <trkpt lat="43.85526" lon="-79.69283">
    <ele>227.86</ele>
   </trkpt>
   <trkpt lat="43.855230000000006" lon="-79.69265">
    <ele>227.89000000000001</ele>
   </trkpt>
   <trkpt lat="43.85546670929672" lon="-79.69154447954769">
    <ele>225.77</ele>
   </trkpt>
   <trkpt lat="43.85570340793636" lon="-79.69043895031876">
    <ele>225.86</ele>
   </trkpt>
   <trkpt lat="43.85594009591877" lon="-79.68933341231352">
    <ele>225.67000000000002</ele>
   </trkpt>
   <trkpt lat="43.85617677324377" lon="-79.68822786553216">
    <ele>225.82000000000002</ele>
   </trkpt>
   <trkpt lat="43.85641343991117" lon="-79.68712230997498">
    <ele>226.07000000000002</ele>
   </trkpt>
   <trkpt lat="43.85665009592084" lon="-79.68601674564223">
    <ele>226.02</ele>
   </trkpt>
   <trkpt lat="43.85688674127255" lon="-79.68491117253414">
    <ele>225.69000000000003</ele>
   </trkpt>
   <trkpt lat="43.85712337596617" lon="-79.68380559065098">
    <ele>226.12</ele>
   </trkpt>
   <trkpt lat="43.85736000000001" lon="-79.68270000000001">
    <ele>227.75</ele>
   </trkpt>
   <trkpt lat="43.85758115212966" lon="-79.68161558772347">
    <ele>226.8</ele>
   </trkpt>
   <trkpt lat="43.85780229400526" lon="-79.68053116740313">
    <ele>227.49</ele>
   </trkpt>
   <trkpt lat="43.85802342562671" lon="-79.67944673903925">
    <ele>231.11</ele>
   </trkpt>
   <trkpt lat="43.858244546993824" lon="-79.67836230263207">
    <ele>231.21</ele>
   </trkpt>
   <trkpt lat="43.85846565810647" lon="-79.67727785818184">
    <ele>228.02</ele>
   </trkpt>
   <trkpt lat="43.85868675896446" lon="-79.6761934056888">
    <ele>227.28</ele>
   </trkpt>
   <trkpt lat="43.85890784956767" lon="-79.67510894515327">
    <ele>227.55</ele>
   </trkpt>
   <trkpt lat="43.859128929915926" lon="-79.67402447657541">
    <ele>226.65</ele>
   </trkpt>
   <trkpt lat="43.859350000000006" lon="-79.67294000000001">
    <ele>222.18</ele>
   </trkpt>
   <trkpt lat="43.85942" lon="-79.67233">
    <ele>219.17000000000002</ele>
   </trkpt>
   <trkpt lat="43.859700000000004" lon="-79.67155000000001">
    <ele>215.29</ele>
   </trkpt>
   <trkpt lat="43.85992667521882" lon="-79.67056000750144">
    <ele>208.82</ele>
   </trkpt>
   <trkpt lat="43.86015334189148" lon="-79.66957000747539">
    <ele>202.79000000000002</ele>
   </trkpt>
   <trkpt lat="43.860380000000006" lon="-79.66858">
    <ele>200.55</ele>
   </trkpt>
   <trkpt lat="43.860380000000006" lon="-79.66857">
    <ele>200.56</ele>
   </trkpt>
   <trkpt lat="43.85983" lon="-79.66848">
    <ele>202.26000000000002</ele>
   </trkpt>
   <trkpt lat="43.85947" lon="-79.66843">
    <ele>205.25</ele>
   </trkpt>
   <trkpt lat="43.859030000000004" lon="-79.66843">
    <ele>209.17000000000002</ele>
   </trkpt>
   <trkpt lat="43.858650000000004" lon="-79.66835">
    <ele>213.46</ele>
   </trkpt>
   <trkpt lat="43.85782000044442" lon="-79.66805499591672">
    <ele>225.03</ele>
   </trkpt>
   <trkpt lat="43.85699" lon="-79.66776">
    <ele>228.21</ele>
   </trkpt>
   <trkpt lat="43.85626000016935" lon="-79.66757999780334">
    <ele>225.79000000000002</ele>
   </trkpt>
   <trkpt lat="43.85553" lon="-79.6674">
    <ele>224.91000000000003</ele>
   </trkpt>
   <trkpt lat="43.8550450001081" lon="-79.66726999895192">
    <ele>224.85000000000002</ele>
   </trkpt>
   <trkpt lat="43.854560000000006" lon="-79.66714">
    <ele>224.27</ele>
   </trkpt>
   <trkpt lat="43.85373125118185" lon="-79.66694373091117">
    <ele>223.05</ele>
   </trkpt>
   <trkpt lat="43.852902502027796" lon="-79.66674746727735">
    <ele>222.88000000000002</ele>
   </trkpt>
   <trkpt lat="43.85207375253788" lon="-79.6665512090982">
    <ele>222.10000000000002</ele>
   </trkpt>
   <trkpt lat="43.851245002712105" lon="-79.66635495637345">
    <ele>221.3</ele>
   </trkpt>
   <trkpt lat="43.850416252550524" lon="-79.66615870910276">
    <ele>221.60000000000002</ele>
   </trkpt>
   <trkpt lat="43.84958750205312" lon="-79.66596246728584">
    <ele>222.92000000000002</ele>
   </trkpt>
   <trkpt lat="43.848758751219926" lon="-79.66576623092239">
    <ele>222.53</ele>
   </trkpt>
   <trkpt lat="43.847930000000005" lon="-79.66557">
    <ele>222.14000000000001</ele>
   </trkpt>
   <trkpt lat="43.8473000002096" lon="-79.66543499860204">
    <ele>222.03</ele>
   </trkpt>
   <trkpt lat="43.84667" lon="-79.6653">
    <ele>221.29000000000002</ele>
   </trkpt>
   <trkpt lat="43.846000000000004" lon="-79.66513">
    <ele>220.69000000000003</ele>
   </trkpt>
   <trkpt lat="43.84518400063281" lon="-79.66493998960482">
    <ele>219.34</ele>
   </trkpt>
   <trkpt lat="43.844368000950794" lon="-79.6647499844079">
    <ele>218.98</ele>
   </trkpt>
   <trkpt lat="43.84355200095403" lon="-79.66455998440894">
    <ele>218.76000000000002</ele>
   </trkpt>
   <trkpt lat="43.84273600064246" lon="-79.66436998960766">
    <ele>218.48</ele>
   </trkpt>
   <trkpt lat="43.84192" lon="-79.66418">
    <ele>218.68</ele>
   </trkpt>
   <trkpt lat="43.841389999997254" lon="-79.66403999873302">
    <ele>218.09</ele>
   </trkpt>
   <trkpt lat="43.840860000000006" lon="-79.66390000000001">
    <ele>218.94000000000003</ele>
   </trkpt>
   <trkpt lat="43.840860000000006" lon="-79.66391">
    <ele>218.94000000000003</ele>
   </trkpt>
   <trkpt lat="43.84106334104785" lon="-79.6629700063612">
    <ele>219.38000000000002</ele>
   </trkpt>
   <trkpt lat="43.84126667439117" lon="-79.66203000631509">
    <ele>219.68</ele>
   </trkpt>
   <trkpt lat="43.84147" lon="-79.66109">
    <ele>220.08</ele>
   </trkpt>
   <trkpt lat="43.84172402187697" lon="-79.65997001906656">
    <ele>220.19000000000003</ele>
   </trkpt>
   <trkpt lat="43.84197803281648" lon="-79.65885002859599">
    <ele>218.93</ele>
   </trkpt>
   <trkpt lat="43.8422320328183" lon="-79.65773002858853">
    <ele>218.42000000000002</ele>
   </trkpt>
   <trkpt lat="43.842486021882266" lon="-79.65661001904442">
    <ele>218.57000000000002</ele>
   </trkpt>
   <trkpt lat="43.842740000000006" lon="-79.65549">
    <ele>219.36</ele>
   </trkpt>
   <trkpt lat="43.84281" lon="-79.65498000000001">
    <ele>219.46</ele>
   </trkpt>
   <trkpt lat="43.84286" lon="-79.65424">
    <ele>219.91000000000003</ele>
   </trkpt>
   <trkpt lat="43.84281" lon="-79.65352">
    <ele>220.3</ele>
   </trkpt>
   <trkpt lat="43.842710000000004" lon="-79.65276">
    <ele>220.60000000000002</ele>
   </trkpt>
   <trkpt lat="43.84255" lon="-79.65219">
    <ele>220.85000000000002</ele>
   </trkpt>
   <trkpt lat="43.84223" lon="-79.65125">
    <ele>220.76000000000002</ele>
   </trkpt>
   <trkpt lat="43.84197500120731" lon="-79.65068999725526">
    <ele>220.77</ele>
   </trkpt>
   <trkpt lat="43.84172" lon="-79.65013">
    <ele>220.75000000000003</ele>
   </trkpt>
   <trkpt lat="43.84138000899476" lon="-79.64929998577192">
    <ele>220.58</ele>
   </trkpt>
   <trkpt lat="43.84104001198253" lon="-79.64846998100386">
    <ele>220.52</ele>
   </trkpt>
   <trkpt lat="43.840700008963424" lon="-79.64763998569578">
    <ele>220.49</ele>
   </trkpt>
   <trkpt lat="43.840360000000004" lon="-79.64681">
    <ele>220.24</ele>
   </trkpt>
   <trkpt lat="43.84022" lon="-79.64604000000001">
    <ele>219.34</ele>
   </trkpt>
   <trkpt lat="43.84022" lon="-79.64528">
    <ele>218.12</ele>
   </trkpt>
   <trkpt lat="43.840300000000006" lon="-79.64462">
    <ele>216.70000000000002</ele>
   </trkpt>
   <trkpt lat="43.84053" lon="-79.64408">
    <ele>214.42000000000002</ele>
   </trkpt>
   <trkpt lat="43.84076" lon="-79.64363">
    <ele>212.57</ele>
   </trkpt>
   <trkpt lat="43.84114000151119" lon="-79.64304500369649">
    <ele>209.36</ele>
   </trkpt>
   <trkpt lat="43.84152" lon="-79.64246">
    <ele>206.38</ele>
   </trkpt>
   <trkpt lat="43.84187" lon="-79.64165000000001">
    <ele>200.47</ele>
   </trkpt>
   <trkpt lat="43.84219" lon="-79.64072">
    <ele>196.44</ele>
   </trkpt>
   <trkpt lat="43.842330000000004" lon="-79.63990000000001">
    <ele>192.47</ele>
   </trkpt>
   <trkpt lat="43.8424266755648" lon="-79.63889000323809">
    <ele>186.54000000000002</ele>
   </trkpt>
   <trkpt lat="43.84252334223484" lon="-79.63788000320297">
    <ele>184.3</ele>
   </trkpt>
   <trkpt lat="43.842620000000004" lon="-79.63687">
    <ele>184.19000000000003</ele>
   </trkpt>
   <trkpt lat="43.84272000000001" lon="-79.63637">
    <ele>184.94000000000003</ele>
   </trkpt>
   <trkpt lat="43.84293" lon="-79.63559000000001">
    <ele>187.44000000000003</ele>
   </trkpt>
   <trkpt lat="43.842980000000004" lon="-79.63538000000001">
    <ele>189.69000000000003</ele>
   </trkpt>
   <trkpt lat="43.84319500208101" lon="-79.63468000270271">
    <ele>191.9</ele>
   </trkpt>
   <trkpt lat="43.843410000000006" lon="-79.63398000000001">
    <ele>195.21</ele>
   </trkpt>
   <trkpt lat="43.8434" lon="-79.63390000000001">
    <ele>195.31</ele>
   </trkpt>
   <trkpt lat="43.84342" lon="-79.63372000000001">
    <ele>195.41000000000003</ele>
   </trkpt>
   <trkpt lat="43.843430000000005" lon="-79.63305000000001">
    <ele>196.45000000000002</ele>
   </trkpt>
   <trkpt lat="43.84347" lon="-79.63293">
    <ele>196.45000000000002</ele>
   </trkpt>
   <trkpt lat="43.84342" lon="-79.63241000000001">
    <ele>197.72</ele>
   </trkpt>
   <trkpt lat="43.84335" lon="-79.63184000000001">
    <ele>200.0</ele>
   </trkpt>
   <trkpt lat="43.84335" lon="-79.63145">
    <ele>207.49</ele>
   </trkpt>
   <trkpt lat="43.84339000000001" lon="-79.63114">
    <ele>209.06000000000003</ele>
   </trkpt>
   <trkpt lat="43.84375000000001" lon="-79.63006">
    <ele>217.96</ele>
   </trkpt>
   <trkpt lat="43.844030000000004" lon="-79.62934000000001">
    <ele>220.46</ele>
   </trkpt>
   <trkpt lat="43.84423" lon="-79.62891">
    <ele>220.52</ele>
   </trkpt>
   <trkpt lat="43.84429" lon="-79.62886">
    <ele>220.41000000000003</ele>
   </trkpt>
   <trkpt lat="43.84404000000001" lon="-79.62829">
    <ele>219.78000000000003</ele>
   </trkpt>
   <trkpt lat="43.84378" lon="-79.62784">
    <ele>219.91000000000003</ele>
   </trkpt>
   <trkpt lat="43.84407500179927" lon="-79.6272050030512">
    <ele>220.56</ele>
   </trkpt>
   <trkpt lat="43.844370000000005" lon="-79.62657">
    <ele>220.55</ele>
   </trkpt>
   <trkpt lat="43.843900000876104" lon="-79.62612999656346">
    <ele>217.89000000000001</ele>
   </trkpt>
   <trkpt lat="43.843430000000005" lon="-79.62569">
    <ele>214.94000000000003</ele>
   </trkpt>
   <trkpt lat="43.84353" lon="-79.62553000000001">
    <ele>213.19000000000003</ele>
   </trkpt>
   <trkpt lat="43.84362" lon="-79.62544000000001">
    <ele>211.76</ele>
   </trkpt>
   <trkpt lat="43.84382" lon="-79.62531000000001">
    <ele>209.68</ele>
   </trkpt>
   <trkpt lat="43.84447000020912" lon="-79.62516500155373">
    <ele>199.49000000000004</ele>
   </trkpt>
   <trkpt lat="43.84512" lon="-79.62502">
    <ele>189.96</ele>
   </trkpt>
   <trkpt lat="43.84566" lon="-79.62507000000001">
    <ele>188.61</ele>
   </trkpt>
   <trkpt lat="43.84610999986765" lon="-79.62512499956729">
    <ele>188.79000000000002</ele>
   </trkpt>
   <trkpt lat="43.846560000000004" lon="-79.62518">
    <ele>191.03</ele>
   </trkpt>
   <trkpt lat="43.84678" lon="-79.62514">
    <ele>195.04000000000002</ele>
   </trkpt>
   <trkpt lat="43.84695000000001" lon="-79.62509">
    <ele>198.27000000000004</ele>
   </trkpt>
   <trkpt lat="43.84709" lon="-79.625">
    <ele>200.56</ele>
   </trkpt>
   <trkpt lat="43.847210000000004" lon="-79.62488">
    <ele>203.03</ele>
   </trkpt>
   <trkpt lat="43.84736" lon="-79.62464">
    <ele>204.91</ele>
   </trkpt>
   <trkpt lat="43.84761" lon="-79.62415">
    <ele>208.43</ele>
   </trkpt>
   <trkpt lat="43.848046672128824" lon="-79.6233566783292">
    <ele>213.1</ele>
   </trkpt>
   <trkpt lat="43.8484833387698" lon="-79.62256334504269">
    <ele>214.43</ele>
   </trkpt>
   <trkpt lat="43.84892000000001" lon="-79.62177000000001">
    <ele>213.95000000000002</ele>
   </trkpt>
   <trkpt lat="43.84924" lon="-79.62111">
    <ele>215.95000000000002</ele>
   </trkpt>
   <trkpt lat="43.849540000000005" lon="-79.62057">
    <ele>218.92000000000002</ele>
   </trkpt>
   <trkpt lat="43.849830000000004" lon="-79.62021">
    <ele>221.02</ele>
   </trkpt>
   <trkpt lat="43.850260000000006" lon="-79.62008">
    <ele>221.75000000000003</ele>
   </trkpt>
   <trkpt lat="43.85079" lon="-79.62003">
    <ele>221.09</ele>
   </trkpt>
   <trkpt lat="43.851000000000006" lon="-79.6199">
    <ele>220.41000000000003</ele>
   </trkpt>
   <trkpt lat="43.851220000000005" lon="-79.61967000000001">
    <ele>218.06000000000003</ele>
   </trkpt>
   <trkpt lat="43.85136000000001" lon="-79.61940000000001">
    <ele>216.81000000000003</ele>
   </trkpt>
   <trkpt lat="43.851490000000005" lon="-79.6191">
    <ele>214.8</ele>
   </trkpt>
   <trkpt lat="43.85164" lon="-79.61831000000001">
    <ele>209.35</ele>
   </trkpt>
   <trkpt lat="43.85185501230767" lon="-79.61734001048507">
    <ele>204.77</ele>
   </trkpt>
   <trkpt lat="43.852070016411126" lon="-79.61637001397622">
    <ele>202.76000000000002</ele>
   </trkpt>
   <trkpt lat="43.85228501231028" lon="-79.6154000104736">
    <ele>206.61</ele>
   </trkpt>
   <trkpt lat="43.852500000000006" lon="-79.61443000000001">
    <ele>211.64000000000001</ele>
   </trkpt>
   <trkpt lat="43.85272288622167" lon="-79.61337573791083">
    <ele>214.83</ele>
   </trkpt>
   <trkpt lat="43.85294576275165" lon="-79.61232146794153">
    <ele>213.45000000000002</ele>
   </trkpt>
   <trkpt lat="43.853168629589796" lon="-79.61126719009229">
    <ele>206.12000000000003</ele>
   </trkpt>
   <trkpt lat="43.85339148673594" lon="-79.61021290436334">
    <ele>201.34</ele>
   </trkpt>
   <trkpt lat="43.853614334189956" lon="-79.60915861075492">
    <ele>201.44</ele>
   </trkpt>
   <trkpt lat="43.85383717195171" lon="-79.60810430926723">
    <ele>201.75</ele>
   </trkpt>
   <trkpt lat="43.854060000000004" lon="-79.60705">
    <ele>207.55</ele>
   </trkpt>
   <trkpt lat="43.85431365091849" lon="-79.60586577975766">
    <ele>202.32000000000002</ele>
   </trkpt>
   <trkpt lat="43.854567289608596" lon="-79.60468154944151">
    <ele>198.85000000000002</ele>
   </trkpt>
   <trkpt lat="43.85482091607012" lon="-79.60349730905182">
    <ele>207.77</ele>
   </trkpt>
   <trkpt lat="43.855074530302865" lon="-79.60231305858893">
    <ele>212.27</ele>
   </trkpt>
   <trkpt lat="43.85532813230657" lon="-79.60112879805314">
    <ele>219.43</ele>
   </trkpt>
   <trkpt lat="43.85558172208107" lon="-79.59994452744476">
    <ele>222.02</ele>
   </trkpt>
   <trkpt lat="43.85583529962613" lon="-79.59876024676409">
    <ele>214.99</ele>
   </trkpt>
   <trkpt lat="43.856088864941555" lon="-79.59757595601145">
    <ele>219.03000000000003</ele>
   </trkpt>
   <trkpt lat="43.85634241802712" lon="-79.59639165518718">
    <ele>227.84</ele>
   </trkpt>
   <trkpt lat="43.85659595888262" lon="-79.59520734429154">
    <ele>231.99000000000004</ele>
   </trkpt>
   <trkpt lat="43.856849487507816" lon="-79.59402302332488">
    <ele>233.33</ele>
   </trkpt>
   <trkpt lat="43.85710300390253" lon="-79.59283869228749">
    <ele>233.29000000000002</ele>
   </trkpt>
   <trkpt lat="43.857356508066545" lon="-79.59165435117968">
    <ele>232.3</ele>
   </trkpt>
   <trkpt lat="43.85761" lon="-79.59047000000001">
    <ele>230.43</ele>
   </trkpt>
   <trkpt lat="43.85812000000001" lon="-79.59057">
    <ele>230.77000000000004</ele>
   </trkpt>
   <trkpt lat="43.85835169676028" lon="-79.58939502284115">
    <ele>228.78</ele>
   </trkpt>
   <trkpt lat="43.85858338148229" lon="-79.58822003655095">
    <ele>221.33</ele>
   </trkpt>
   <trkpt lat="43.85881505416583" lon="-79.5870450411297">
    <ele>214.38000000000002</ele>
   </trkpt>
   <trkpt lat="43.85904671481068" lon="-79.58587003657776">
    <ele>216.36</ele>
   </trkpt>
   <trkpt lat="43.85927836341667" lon="-79.58469502289546">
    <ele>226.92000000000002</ele>
   </trkpt>
   <trkpt lat="43.85951" lon="-79.58352000000001">
    <ele>233.28</ele>
   </trkpt>
   <trkpt lat="43.85966500340352" lon="-79.58263500236491">
    <ele>233.81</ele>
   </trkpt>
   <trkpt lat="43.859820000000006" lon="-79.58175">
    <ele>233.43000000000004</ele>
   </trkpt>
   <trkpt lat="43.86006669693907" lon="-79.5805716910185">
    <ele>233.29000000000002</ele>
   </trkpt>
   <trkpt lat="43.860313381771455" lon="-79.5793933722863">
    <ele>231.14000000000001</ele>
   </trkpt>
   <trkpt lat="43.86056005449693" lon="-79.57821504380374">
    <ele>231.38000000000002</ele>
   </trkpt>
   <trkpt lat="43.860806715115324" lon="-79.57703670557108">
    <ele>234.20000000000002</ele>
   </trkpt>
   <trkpt lat="43.861053363626404" lon="-79.57585835758867">
    <ele>235.60000000000002</ele>
   </trkpt>
   <trkpt lat="43.86130000000001" lon="-79.57468">
    <ele>235.20000000000002</ele>
   </trkpt>
   <trkpt lat="43.861510014486484" lon="-79.57362751113457">
    <ele>236.12000000000003</ele>
   </trkpt>
   <trkpt lat="43.861720019313736" lon="-79.57257501485428">
    <ele>237.47</ele>
   </trkpt>
   <trkpt lat="43.86193001448161" lon="-79.57152251115942">
    <ele>238.56000000000003</ele>
   </trkpt>
   <trkpt lat="43.862140000000004" lon="-79.57047">
    <ele>238.44</ele>
   </trkpt>
   <trkpt lat="43.86233001165814" lon="-79.56931334075351">
    <ele>232.73000000000002</ele>
   </trkpt>
   <trkpt lat="43.86252001165039" lon="-79.56815667413427">
    <ele>230.85000000000002</ele>
   </trkpt>
   <trkpt lat="43.86271000000001" lon="-79.56700000000001">
    <ele>231.83</ele>
   </trkpt>
   <trkpt lat="43.862810002119815" lon="-79.56631000085338">
    <ele>232.47</ele>
   </trkpt>
   <trkpt lat="43.86291000000001" lon="-79.56562000000001">
    <ele>233.44</ele>
   </trkpt>
   <trkpt lat="43.8629" lon="-79.56537">
    <ele>233.44</ele>
   </trkpt>
   <trkpt lat="43.863000001958476" lon="-79.56469500132121">
    <ele>233.78</ele>
   </trkpt>
   <trkpt lat="43.8631" lon="-79.56402000000001">
    <ele>232.58</ele>
   </trkpt>
   <trkpt lat="43.86319" lon="-79.56384000000001">
    <ele>232.07000000000002</ele>
   </trkpt>
   <trkpt lat="43.86335667277087" lon="-79.56300333801015">
    <ele>226.82000000000002</ele>
   </trkpt>
   <trkpt lat="43.86352333943784" lon="-79.56216667134207">
    <ele>224.33</ele>
   </trkpt>
   <trkpt lat="43.863690000000005" lon="-79.56133000000001">
    <ele>222.46</ele>
   </trkpt>
   <trkpt lat="43.863855003616536" lon="-79.56042000248505">
    <ele>222.52</ele>
   </trkpt>
   <trkpt lat="43.864020000000004" lon="-79.55951">
    <ele>224.57000000000002</ele>
   </trkpt>
   <trkpt lat="43.86418001707182" lon="-79.55836750920746">
    <ele>230.52000000000004</ele>
   </trkpt>
   <trkpt lat="43.86434002276176" lon="-79.55722501228168">
    <ele>234.45000000000002</ele>
   </trkpt>
   <trkpt lat="43.8645000170697" lon="-79.55608250922306">
    <ele>240.34000000000003</ele>
   </trkpt>
   <trkpt lat="43.86466" lon="-79.55494">
    <ele>243.92000000000002</ele>
   </trkpt>
   <trkpt lat="43.864670000000004" lon="-79.55484000000001">
    <ele>244.15000000000003</ele>
   </trkpt>
   <trkpt lat="43.86464" lon="-79.55463">
    <ele>244.33</ele>
   </trkpt>
   <trkpt lat="43.86486" lon="-79.55347">
    <ele>246.34000000000003</ele>
   </trkpt>
   <trkpt lat="43.86499500155874" lon="-79.55287000140692">
    <ele>247.28000000000003</ele>
   </trkpt>
   <trkpt lat="43.86513" lon="-79.55227000000001">
    <ele>247.96</ele>
   </trkpt>
   <trkpt lat="43.86536751168176" lon="-79.55132501128999">
    <ele>248.08</ele>
   </trkpt>
   <trkpt lat="43.86560501557665" lon="-79.55038001504975">
    <ele>246.75000000000003</ele>
   </trkpt>
   <trkpt lat="43.86584251168451" lon="-79.54943501127939">
    <ele>245.78000000000003</ele>
   </trkpt>
   <trkpt lat="43.866080000000004" lon="-79.54849">
    <ele>245.87000000000003</ele>
   </trkpt>
   <trkpt lat="43.86616" lon="-79.54825000000001">
    <ele>246.12000000000003</ele>
   </trkpt>
   <trkpt lat="43.86639000492455" lon="-79.54718500420455">
    <ele>246.53000000000003</ele>
   </trkpt>
   <trkpt lat="43.866620000000005" lon="-79.54612">
    <ele>247.09000000000003</ele>
   </trkpt>
   <trkpt lat="43.86675" lon="-79.54566000000001">
    <ele>247.23000000000002</ele>
   </trkpt>
   <trkpt lat="43.86681" lon="-79.5455">
    <ele>247.37</ele>
   </trkpt>
   <trkpt lat="43.86731500386869" lon="-79.54455500805261">
    <ele>247.73000000000002</ele>
   </trkpt>
   <trkpt lat="43.86782" lon="-79.54361">
    <ele>248.04</ele>
   </trkpt>
   <trkpt lat="43.867920000000005" lon="-79.54338000000001">
    <ele>248.58</ele>
   </trkpt>
   <trkpt lat="43.868010000000005" lon="-79.54311000000001">
    <ele>248.46</ele>
   </trkpt>
   <trkpt lat="43.868010000000005" lon="-79.54289">
    <ele>248.59000000000003</ele>
   </trkpt>
   <trkpt lat="43.868190000000006" lon="-79.54221000000001">
    <ele>250.32999999999998</ele>
   </trkpt>
   <trkpt lat="43.86813" lon="-79.54215">
    <ele>251.04999999999998</ele>
   </trkpt>
   <trkpt lat="43.868230000000004" lon="-79.54151">
    <ele>252.54000000000005</ele>
   </trkpt>
   <trkpt lat="43.86826000000001" lon="-79.54116">
    <ele>252.87000000000003</ele>
   </trkpt>
   <trkpt lat="43.86833" lon="-79.54077000000001">
    <ele>253.17</ele>
   </trkpt>
   <trkpt lat="43.868410000000004" lon="-79.54062">
    <ele>253.14000000000001</ele>
   </trkpt>
   <trkpt lat="43.86851" lon="-79.54015000000001">
    <ele>252.89</ele>
   </trkpt>
   <trkpt lat="43.86862500261445" lon="-79.53937500152377">
    <ele>251.09000000000003</ele>
   </trkpt>
   <trkpt lat="43.86874" lon="-79.5386">
    <ele>248.83</ele>
   </trkpt>
   <trkpt lat="43.868900000000004" lon="-79.53766">
    <ele>248.07000000000002</ele>
   </trkpt>
   <trkpt lat="43.86914000546757" lon="-79.53654000451692">
    <ele>249.50000000000003</ele>
   </trkpt>
   <trkpt lat="43.86938000000001" lon="-79.53542">
    <ele>251.20000000000002</ele>
   </trkpt>
   <trkpt lat="43.86937" lon="-79.53527000000001">
    <ele>251.20000000000002</ele>
   </trkpt>
   <trkpt lat="43.86947000000001" lon="-79.53479">
    <ele>251.63000000000002</ele>
   </trkpt>
   <trkpt lat="43.869490000000006" lon="-79.53447000000001">
    <ele>251.66</ele>
   </trkpt>
   <trkpt lat="43.86968500440982" lon="-79.53346500325618">
    <ele>250.76999999999998</ele>
   </trkpt>
   <trkpt lat="43.86988" lon="-79.53246">
    <ele>248.95000000000002</ele>
   </trkpt>
   <trkpt lat="43.869960000000006" lon="-79.53227000000001">
    <ele>248.70000000000002</ele>
   </trkpt>
   <trkpt lat="43.870180005549344" lon="-79.53114000426272">
    <ele>249.33</ele>
   </trkpt>
   <trkpt lat="43.870400000000004" lon="-79.53001">
    <ele>250.46</ele>
   </trkpt>
   <trkpt lat="43.870380000000004" lon="-79.52989000000001">
    <ele>250.76999999999998</ele>
   </trkpt>
   <trkpt lat="43.870430000000006" lon="-79.52974">
    <ele>250.76999999999998</ele>
   </trkpt>
   <trkpt lat="43.870430000000006" lon="-79.52973">
    <ele>250.79000000000002</ele>
   </trkpt>
   <trkpt lat="43.869960000000006" lon="-79.52951">
    <ele>250.91000000000003</ele>
   </trkpt>
   <trkpt lat="43.869550000000004" lon="-79.52942">
    <ele>250.72</ele>
   </trkpt>
   <trkpt lat="43.869020000000006" lon="-79.52952">
    <ele>250.52</ele>
   </trkpt>
   <trkpt lat="43.8682" lon="-79.52990000000001">
    <ele>250.07000000000002</ele>
   </trkpt>
   <trkpt lat="43.867810000000006" lon="-79.53">
    <ele>249.93</ele>
   </trkpt>
   <trkpt lat="43.867340000000006" lon="-79.53">
    <ele>249.31000000000003</ele>
   </trkpt>
   <trkpt lat="43.867000000000004" lon="-79.52994000000001">
    <ele>248.86</ele>
   </trkpt>
   <trkpt lat="43.866290000000006" lon="-79.52971000000001">
    <ele>247.41000000000003</ele>
   </trkpt>
   <trkpt lat="43.86565" lon="-79.52949000000001">
    <ele>247.04</ele>
   </trkpt>
   <trkpt lat="43.86542" lon="-79.52952">
    <ele>247.06000000000003</ele>
   </trkpt>
   <trkpt lat="43.865260000000006" lon="-79.5296">
    <ele>246.97000000000003</ele>
   </trkpt>
   <trkpt lat="43.86518" lon="-79.52953000000001">
    <ele>246.97000000000003</ele>
   </trkpt>
   <trkpt lat="43.86515000000001" lon="-79.52947">
    <ele>246.97000000000003</ele>
   </trkpt>
   <trkpt lat="43.86489" lon="-79.52928">
    <ele>246.55</ele>
   </trkpt>
   <trkpt lat="43.86446" lon="-79.52915">
    <ele>245.74</ele>
   </trkpt>
   <trkpt lat="43.86413" lon="-79.52896000000001">
    <ele>245.21</ele>
   </trkpt>
   <trkpt lat="43.86392" lon="-79.52875">
    <ele>244.69000000000003</ele>
   </trkpt>
   <trkpt lat="43.86359" lon="-79.5283">
    <ele>244.32</ele>
   </trkpt>
   <trkpt lat="43.86326500192843" lon="-79.52762999628824">
    <ele>243.61</ele>
   </trkpt>
   <trkpt lat="43.86294" lon="-79.52696">
    <ele>243.41</ele>
   </trkpt>
   <trkpt lat="43.862750000000005" lon="-79.52669">
    <ele>243.56000000000003</ele>
   </trkpt>
   <trkpt lat="43.86252" lon="-79.52642">
    <ele>243.58</ele>
   </trkpt>
   <trkpt lat="43.86215000000001" lon="-79.52604000000001">
    <ele>243.32</ele>
   </trkpt>
   <trkpt lat="43.86175500056986" lon="-79.52573499810609">
    <ele>242.76000000000002</ele>
   </trkpt>
   <trkpt lat="43.861360000000005" lon="-79.52543">
    <ele>242.71</ele>
   </trkpt>
   <trkpt lat="43.86167000213302" lon="-79.52473500355309">
    <ele>243.3</ele>
   </trkpt>
   <trkpt lat="43.86198" lon="-79.52404000000001">
    <ele>243.72000000000003</ele>
   </trkpt>
   <trkpt lat="43.8622" lon="-79.52348">
    <ele>244.13</ele>
   </trkpt>
   <trkpt lat="43.862350000000006" lon="-79.52297">
    <ele>244.38</ele>
   </trkpt>
   <trkpt lat="43.862500002139384" lon="-79.52227500159367">
    <ele>244.68</ele>
   </trkpt>
   <trkpt lat="43.86265" lon="-79.52158">
    <ele>245.07</ele>
   </trkpt>
   <trkpt lat="43.86267" lon="-79.52145">
    <ele>245.07</ele>
   </trkpt>
   <trkpt lat="43.86265" lon="-79.52109">
    <ele>245.14000000000001</ele>
   </trkpt>
   <trkpt lat="43.86260500198066" lon="-79.52040999895273">
    <ele>245.34000000000003</ele>
   </trkpt>
   <trkpt lat="43.86256" lon="-79.51973000000001">
    <ele>245.63000000000002</ele>
   </trkpt>
   <trkpt lat="43.861760000000004" lon="-79.51989">
    <ele>243.92000000000002</ele>
   </trkpt>
   <trkpt lat="43.86130000000001" lon="-79.51997">
    <ele>243.01000000000002</ele>
   </trkpt>
   <trkpt lat="43.86106" lon="-79.51994">
    <ele>242.84000000000003</ele>
   </trkpt>
   <trkpt lat="43.86088" lon="-79.51993">
    <ele>242.74</ele>
   </trkpt>
   <trkpt lat="43.8601" lon="-79.51961">
    <ele>241.99</ele>
   </trkpt>
   <trkpt lat="43.860225001900936" lon="-79.51895000137439">
    <ele>242.35</ele>
   </trkpt>
   <trkpt lat="43.860350000000004" lon="-79.51829000000001">
    <ele>242.88</ele>
   </trkpt>
   <trkpt lat="43.86048500285256" lon="-79.51747500210728">
    <ele>243.66</ele>
   </trkpt>
   <trkpt lat="43.860620000000004" lon="-79.51666">
    <ele>244.23000000000002</ele>
   </trkpt>
   <trkpt lat="43.860775005762505" lon="-79.51551000301524">
    <ele>245.86</ele>
   </trkpt>
   <trkpt lat="43.86093" lon="-79.51436000000001">
    <ele>246.76</ele>
   </trkpt>
   <trkpt lat="43.8609" lon="-79.51432000000001">
    <ele>246.76</ele>
   </trkpt>
   <trkpt lat="43.86094000000001" lon="-79.51398">
    <ele>246.94000000000003</ele>
   </trkpt>
   <trkpt lat="43.86097" lon="-79.51397">
    <ele>246.94000000000003</ele>
   </trkpt>
   <trkpt lat="43.860850000000006" lon="-79.51394">
    <ele>246.43</ele>
   </trkpt>
   <trkpt lat="43.8609" lon="-79.51355000000001">
    <ele>246.44000000000003</ele>
   </trkpt>
   <trkpt lat="43.860890000000005" lon="-79.51352">
    <ele>246.44000000000003</ele>
   </trkpt>
   <trkpt lat="43.86097" lon="-79.51303">
    <ele>247.79</ele>
   </trkpt>
   <trkpt lat="43.86106" lon="-79.51263">
    <ele>248.57000000000002</ele>
   </trkpt>
   <trkpt lat="43.861200000000004" lon="-79.51218">
    <ele>248.97000000000003</ele>
   </trkpt>
   <trkpt lat="43.86133" lon="-79.51162000000001">
    <ele>249.05</ele>
   </trkpt>
   <trkpt lat="43.861557513868874" lon="-79.51059001182412">
    <ele>249.43</ele>
   </trkpt>
   <trkpt lat="43.8617850184871" lon="-79.50956001578724">
    <ele>251.0</ele>
   </trkpt>
   <trkpt lat="43.86201251385452" lon="-79.50853001188959">
    <ele>252.3</ele>
   </trkpt>
   <trkpt lat="43.86224000000001" lon="-79.50750000000001">
    <ele>252.88</ele>
   </trkpt>
   <trkpt lat="43.86246001193036" lon="-79.50654501056634">
    <ele>255.28</ele>
   </trkpt>
   <trkpt lat="43.86268001590819" lon="-79.50559001408418">
    <ele>257.27</ele>
   </trkpt>
   <trkpt lat="43.86290001193337" lon="-79.50463501055366">
    <ele>258.36</ele>
   </trkpt>
   <trkpt lat="43.86312" lon="-79.50368">
    <ele>258.20000000000005</ele>
   </trkpt>
   <trkpt lat="43.86318000000001" lon="-79.50332">
    <ele>257.97</ele>
   </trkpt>
   <trkpt lat="43.86321" lon="-79.503">
    <ele>257.57</ele>
   </trkpt>
   <trkpt lat="43.86319" lon="-79.50256">
    <ele>256.94</ele>
   </trkpt>
   <trkpt lat="43.863150000000005" lon="-79.50223000000001">
    <ele>256.94</ele>
   </trkpt>
   <trkpt lat="43.86307" lon="-79.50186000000001">
    <ele>256.17</ele>
   </trkpt>
   <trkpt lat="43.86300000000001" lon="-79.50166">
    <ele>256.02000000000004</ele>
   </trkpt>
   <trkpt lat="43.86285" lon="-79.50135">
    <ele>255.85000000000002</ele>
   </trkpt>
   <trkpt lat="43.862660000000005" lon="-79.50103">
    <ele>255.48999999999998</ele>
   </trkpt>
   <trkpt lat="43.862460000000006" lon="-79.50081">
    <ele>255.48999999999998</ele>
   </trkpt>
   <trkpt lat="43.86218" lon="-79.50058000000001">
    <ele>255.32999999999998</ele>
   </trkpt>
   <trkpt lat="43.86202" lon="-79.50046">
    <ele>255.01000000000002</ele>
   </trkpt>
   <trkpt lat="43.86144000051436" lon="-79.50021666193138">
    <ele>254.9</ele>
   </trkpt>
   <trkpt lat="43.86086000051239" lon="-79.49997332859729">
    <ele>254.51000000000002</ele>
   </trkpt>
   <trkpt lat="43.86028" lon="-79.49973">
    <ele>254.9</ele>
   </trkpt>
   <trkpt lat="43.8596233338534" lon="-79.49947332765846">
    <ele>255.68</ele>
   </trkpt>
   <trkpt lat="43.85896666713235" lon="-79.49921666097063">
    <ele>256.94</ele>
   </trkpt>
   <trkpt lat="43.85831" lon="-79.49896000000001">
    <ele>258.15000000000003</ele>
   </trkpt>
   <trkpt lat="43.85819" lon="-79.49888">
    <ele>257.97</ele>
   </trkpt>
   <trkpt lat="43.85755" lon="-79.49857">
    <ele>257.87000000000006</ele>
   </trkpt>
   <trkpt lat="43.85674" lon="-79.49820000000001">
    <ele>257.69</ele>
   </trkpt>
   <trkpt lat="43.856730000000006" lon="-79.49815000000001">
    <ele>257.61</ele>
   </trkpt>
   <trkpt lat="43.85674" lon="-79.49808">
    <ele>257.53000000000003</ele>
   </trkpt>
   <trkpt lat="43.8561750003523" lon="-79.49783499771789">
    <ele>256.82000000000005</ele>
   </trkpt>
   <trkpt lat="43.855610000000006" lon="-79.49759">
    <ele>255.87000000000003</ele>
   </trkpt>
   <trkpt lat="43.8554" lon="-79.49742">
    <ele>254.81000000000003</ele>
   </trkpt>
   <trkpt lat="43.854836669105325" lon="-79.49689665682614">
    <ele>252.09000000000003</ele>
   </trkpt>
   <trkpt lat="43.85427333582246" lon="-79.49637332353984">
    <ele>249.63000000000002</ele>
   </trkpt>
   <trkpt lat="43.85371000000001" lon="-79.49585">
    <ele>247.06000000000003</ele>
   </trkpt>
   <trkpt lat="43.8532" lon="-79.49544">
    <ele>246.14000000000001</ele>
   </trkpt>
   <trkpt lat="43.852500000000006" lon="-79.49501000000001">
    <ele>246.8</ele>
   </trkpt>
   <trkpt lat="43.852320000000006" lon="-79.49495">
    <ele>247.07</ele>
   </trkpt>
   <trkpt lat="43.85188500002339" lon="-79.49476499859715">
    <ele>247.46</ele>
   </trkpt>
   <trkpt lat="43.85145000000001" lon="-79.49458000000001">
    <ele>248.36</ele>
   </trkpt>
   <trkpt lat="43.850766667495535" lon="-79.49427665972772">
    <ele>249.53000000000003</ele>
   </trkpt>
   <trkpt lat="43.85008333418874" lon="-79.49397332640626">
    <ele>249.13000000000002</ele>
   </trkpt>
   <trkpt lat="43.8494" lon="-79.49367000000001">
    <ele>246.28000000000003</ele>
   </trkpt>
   <trkpt lat="43.848760000000006" lon="-79.49341000000001">
    <ele>242.82</ele>
   </trkpt>
   <trkpt lat="43.84857" lon="-79.49336000000001">
    <ele>242.19</ele>
   </trkpt>
   <trkpt lat="43.84792" lon="-79.49307">
    <ele>238.26000000000002</ele>
   </trkpt>
   <trkpt lat="43.847170000000006" lon="-79.49284">
    <ele>235.21000000000004</ele>
   </trkpt>
   <trkpt lat="43.84658666708823" lon="-79.49261999569698">
    <ele>235.37</ele>
   </trkpt>
   <trkpt lat="43.846003333754425" lon="-79.49239999569687">
    <ele>238.48000000000002</ele>
   </trkpt>
   <trkpt lat="43.845420000000004" lon="-79.49218">
    <ele>238.61</ele>
   </trkpt>
   <trkpt lat="43.84499" lon="-79.49208">
    <ele>237.54000000000002</ele>
   </trkpt>
   <trkpt lat="43.84476" lon="-79.49208">
    <ele>236.31</ele>
   </trkpt>
   <trkpt lat="43.84396" lon="-79.49214">
    <ele>232.13000000000002</ele>
   </trkpt>
   <trkpt lat="43.84337500027405" lon="-79.4923350018761">
    <ele>230.13000000000002</ele>
   </trkpt>
   <trkpt lat="43.84279" lon="-79.49253">
    <ele>228.79000000000002</ele>
   </trkpt>
   <trkpt lat="43.84241" lon="-79.49258">
    <ele>227.84</ele>
   </trkpt>
   <trkpt lat="43.842240000000004" lon="-79.49257">
    <ele>227.42000000000002</ele>
   </trkpt>
   <trkpt lat="43.842110000000005" lon="-79.49267">
    <ele>227.16000000000003</ele>
   </trkpt>
   <trkpt lat="43.84174" lon="-79.49264000000001">
    <ele>226.64000000000001</ele>
   </trkpt>
   <trkpt lat="43.8412" lon="-79.49247000000001">
    <ele>224.07000000000002</ele>
   </trkpt>
   <trkpt lat="43.841120000000004" lon="-79.49241">
    <ele>224.07000000000002</ele>
   </trkpt>
   <trkpt lat="43.840880000000006" lon="-79.49233000000001">
    <ele>224.01000000000002</ele>
   </trkpt>
   <trkpt lat="43.8408" lon="-79.49226">
    <ele>223.91000000000003</ele>
   </trkpt>
   <trkpt lat="43.84069" lon="-79.49223">
    <ele>223.56</ele>
   </trkpt>
   <trkpt lat="43.84057000000001" lon="-79.49226">
    <ele>223.23000000000002</ele>
   </trkpt>
   <trkpt lat="43.84024" lon="-79.49220000000001">
    <ele>221.8</ele>
   </trkpt>
   <trkpt lat="43.840140000000005" lon="-79.49209">
    <ele>221.65</ele>
   </trkpt>
   <trkpt lat="43.839579999977445" lon="-79.49194499860951">
    <ele>220.02</ele>
   </trkpt>
   <trkpt lat="43.839020000000005" lon="-79.49180000000001">
    <ele>219.08</ele>
   </trkpt>
   <trkpt lat="43.83831000000001" lon="-79.49162000000001">
    <ele>217.95</ele>
   </trkpt>
   <trkpt lat="43.837680000000006" lon="-79.49158000000001">
    <ele>217.13000000000002</ele>
   </trkpt>
   <trkpt lat="43.8372" lon="-79.49168">
    <ele>216.34</ele>
   </trkpt>
   <trkpt lat="43.83672000000001" lon="-79.4919">
    <ele>216.07000000000002</ele>
   </trkpt>
   <trkpt lat="43.83608" lon="-79.49231">
    <ele>215.89000000000001</ele>
   </trkpt>
   <trkpt lat="43.83559" lon="-79.49266">
    <ele>216.13000000000002</ele>
   </trkpt>
   <trkpt lat="43.835240000000006" lon="-79.49284">
    <ele>216.50000000000003</ele>
   </trkpt>
   <trkpt lat="43.83491" lon="-79.49292000000001">
    <ele>215.94000000000003</ele>
   </trkpt>
   <trkpt lat="43.834590000000006" lon="-79.49289">
    <ele>215.24</ele>
   </trkpt>
   <trkpt lat="43.834270000000004" lon="-79.4928">
    <ele>214.72000000000003</ele>
   </trkpt>
   <trkpt lat="43.83402" lon="-79.49263">
    <ele>214.44000000000003</ele>
   </trkpt>
   <trkpt lat="43.833580000000005" lon="-79.49217">
    <ele>214.20000000000002</ele>
   </trkpt>
   <trkpt lat="43.833040000000004" lon="-79.49149000000001">
    <ele>214.05</ele>
   </trkpt>
   <trkpt lat="43.832930000000005" lon="-79.49141">
    <ele>214.05</ele>
   </trkpt>
   <trkpt lat="43.83279" lon="-79.49136">
    <ele>213.95000000000002</ele>
   </trkpt>
   <trkpt lat="43.83202500021614" lon="-79.49116499751328">
    <ele>213.65</ele>
   </trkpt>
   <trkpt lat="43.83126" lon="-79.49097">
    <ele>212.96</ele>
   </trkpt>
   <trkpt lat="43.83099000000001" lon="-79.49086000000001">
    <ele>212.53000000000003</ele>
   </trkpt>
   <trkpt lat="43.83073" lon="-79.49055000000001">
    <ele>212.53000000000003</ele>
   </trkpt>
   <trkpt lat="43.83036000927002" lon="-79.48970748430034">
    <ele>212.12000000000003</ele>
   </trkpt>
   <trkpt lat="43.829990012350805" lon="-79.48886497904644">
    <ele>211.79</ele>
   </trkpt>
   <trkpt lat="43.82962000924254" lon="-79.48802248423823">
    <ele>211.44000000000003</ele>
   </trkpt>
   <trkpt lat="43.82925" lon="-79.48718000000001">
    <ele>211.08</ele>
   </trkpt>
   <trkpt lat="43.82883" lon="-79.48629000000001">
    <ele>210.77</ele>
   </trkpt>
   <trkpt lat="43.828630000000004" lon="-79.48584000000001">
    <ele>210.48000000000002</ele>
   </trkpt>
   <trkpt lat="43.82864" lon="-79.48585000000001">
    <ele>210.48000000000002</ele>
   </trkpt>
   <trkpt lat="43.82853" lon="-79.48540000000001">
    <ele>210.37000000000003</ele>
   </trkpt>
   <trkpt lat="43.82849" lon="-79.48496">
    <ele>210.37000000000003</ele>
   </trkpt>
   <trkpt lat="43.828520000000005" lon="-79.48472000000001">
    <ele>209.90000000000003</ele>
   </trkpt>
   <trkpt lat="43.82875000000001" lon="-79.48365000000001">
    <ele>209.90000000000003</ele>
   </trkpt>
   <trkpt lat="43.82900000514978" lon="-79.48256500446882">
    <ele>210.3</ele>
   </trkpt>
   <trkpt lat="43.82925" lon="-79.48148">
    <ele>211.8</ele>
   </trkpt>
   <trkpt lat="43.829240000000006" lon="-79.48129">
    <ele>212.08</ele>
   </trkpt>
   <trkpt lat="43.829370000000004" lon="-79.48070000000001">
    <ele>212.98000000000002</ele>
   </trkpt>
   <trkpt lat="43.82943" lon="-79.48022">
    <ele>214.45000000000002</ele>
   </trkpt>
   <trkpt lat="43.829390000000004" lon="-79.48021">
    <ele>214.48</ele>
   </trkpt>
   <trkpt lat="43.829420000000006" lon="-79.47979000000001">
    <ele>215.53000000000003</ele>
   </trkpt>
   <trkpt lat="43.82955000259478" lon="-79.47901500182962">
    <ele>215.65</ele>
   </trkpt>
   <trkpt lat="43.82968" lon="-79.47824">
    <ele>217.88000000000002</ele>
   </trkpt>
   <trkpt lat="43.8297" lon="-79.47794">
    <ele>218.03000000000003</ele>
   </trkpt>
   <trkpt lat="43.82972667521252" lon="-79.4769500008848">
    <ele>216.77</ele>
   </trkpt>
   <trkpt lat="43.82975334187918" lon="-79.47596000088481">
    <ele>216.4</ele>
   </trkpt>
   <trkpt lat="43.82978000000001" lon="-79.47497000000001">
    <ele>215.93</ele>
   </trkpt>
   <trkpt lat="43.82987000000001" lon="-79.47497000000001">
    <ele>216.32000000000002</ele>
   </trkpt>
   <trkpt lat="43.82988" lon="-79.47464000000001">
    <ele>216.49</ele>
   </trkpt>
   <trkpt lat="43.82985" lon="-79.47444">
    <ele>216.55</ele>
   </trkpt>
   <trkpt lat="43.829860000000004" lon="-79.47385000000001">
    <ele>216.76</ele>
   </trkpt>
   <trkpt lat="43.8299" lon="-79.47367000000001">
    <ele>216.76</ele>
   </trkpt>
   <trkpt lat="43.82992" lon="-79.47293">
    <ele>216.87</ele>
   </trkpt>
   <trkpt lat="43.829950000000004" lon="-79.47288">
    <ele>216.87</ele>
   </trkpt>
   <trkpt lat="43.829950000000004" lon="-79.47279">
    <ele>216.87</ele>
   </trkpt>
   <trkpt lat="43.82992" lon="-79.47275">
    <ele>216.87</ele>
   </trkpt>
   <trkpt lat="43.829910000000005" lon="-79.47162">
    <ele>217.18</ele>
   </trkpt>
   <trkpt lat="43.82996000000001" lon="-79.47117">
    <ele>217.07000000000002</ele>
   </trkpt>
   <trkpt lat="43.8301" lon="-79.47055">
    <ele>216.42000000000002</ele>
   </trkpt>
   <trkpt lat="43.830090000000006" lon="-79.4705">
    <ele>216.42000000000002</ele>
   </trkpt>
   <trkpt lat="43.830130000000004" lon="-79.47041">
    <ele>216.38000000000002</ele>
   </trkpt>
   <trkpt lat="43.83028" lon="-79.46969">
    <ele>216.10000000000002</ele>
   </trkpt>
   <trkpt lat="43.83053500541072" lon="-79.46857500480478">
    <ele>214.86</ele>
   </trkpt>
   <trkpt lat="43.83079" lon="-79.46746">
    <ele>214.93</ele>
   </trkpt>
   <trkpt lat="43.830780000000004" lon="-79.46741">
    <ele>214.93</ele>
   </trkpt>
   <trkpt lat="43.83081000000001" lon="-79.46728">
    <ele>214.95000000000002</ele>
   </trkpt>
   <trkpt lat="43.830850000000005" lon="-79.46723">
    <ele>214.95000000000002</ele>
   </trkpt>
   <trkpt lat="43.831140000000005" lon="-79.46618000000001">
    <ele>215.81000000000003</ele>
   </trkpt>
   <trkpt lat="43.831140000000005" lon="-79.46617">
    <ele>215.82</ele>
   </trkpt>
   <trkpt lat="43.8318" lon="-79.46653">
    <ele>216.9</ele>
   </trkpt>
   <trkpt lat="43.83238" lon="-79.4668">
    <ele>217.98</ele>
   </trkpt>
   <trkpt lat="43.83312666749309" lon="-79.46709999250982">
    <ele>218.7</ele>
   </trkpt>
   <trkpt lat="43.83387333420145" lon="-79.46739999252644">
    <ele>220.10000000000002</ele>
   </trkpt>
   <trkpt lat="43.83462" lon="-79.46770000000001">
    <ele>220.77</ele>
   </trkpt>
   <trkpt lat="43.83543" lon="-79.46813">
    <ele>221.36</ele>
   </trkpt>
   <trkpt lat="43.83578000000001" lon="-79.46819">
    <ele>221.39000000000001</ele>
   </trkpt>
   <trkpt lat="43.8357" lon="-79.46904">
    <ele>222.58</ele>
   </trkpt>
   <trkpt lat="43.835710000000006" lon="-79.46933000000001">
    <ele>222.82000000000002</ele>
   </trkpt>
   <trkpt lat="43.83583" lon="-79.46981000000001">
    <ele>223.04000000000002</ele>
   </trkpt>
   <trkpt lat="43.836070005665746" lon="-79.47061666015072">
    <ele>222.98000000000002</ele>
   </trkpt>
   <trkpt lat="43.836310005657715" lon="-79.47142332679027">
    <ele>222.53</ele>
   </trkpt>
   <trkpt lat="43.83655" lon="-79.47223000000001">
    <ele>222.49</ele>
   </trkpt>
   <trkpt lat="43.836800000000004" lon="-79.47313000000001">
    <ele>221.75000000000003</ele>
   </trkpt>
   <trkpt lat="43.836800000000004" lon="-79.47332">
    <ele>221.63000000000002</ele>
   </trkpt>
   <trkpt lat="43.83672000000001" lon="-79.47426">
    <ele>221.42</ele>
   </trkpt>
   <trkpt lat="43.83663000000001" lon="-79.47515000000001">
    <ele>221.62</ele>
   </trkpt>
   <trkpt lat="43.8367" lon="-79.47516">
    <ele>221.57000000000002</ele>
   </trkpt>
   <trkpt lat="43.836690000000004" lon="-79.47526">
    <ele>221.85000000000002</ele>
   </trkpt>
   <trkpt lat="43.83726" lon="-79.47538">
    <ele>221.67</ele>
   </trkpt>
   <trkpt lat="43.8378966675269" lon="-79.47569332664878">
    <ele>221.27</ele>
   </trkpt>
   <trkpt lat="43.83853333419776" lon="-79.47600665998407">
    <ele>220.86</ele>
   </trkpt>
   <trkpt lat="43.83917" lon="-79.47632">
    <ele>220.58</ele>
   </trkpt>
   <trkpt lat="43.83964" lon="-79.47639000000001">
    <ele>220.64000000000001</ele>
   </trkpt>
   <trkpt lat="43.839800000000004" lon="-79.47639000000001">
    <ele>220.72000000000003</ele>
   </trkpt>
   <trkpt lat="43.84026499970276" lon="-79.4764399995772">
    <ele>220.64000000000001</ele>
   </trkpt>
   <trkpt lat="43.84073" lon="-79.47649000000001">
    <ele>220.14000000000001</ele>
   </trkpt>
   <trkpt lat="43.84161" lon="-79.47642">
    <ele>215.83</ele>
   </trkpt>
   <trkpt lat="43.842229999901065" lon="-79.4764000002111">
    <ele>212.73000000000002</ele>
   </trkpt>
   <trkpt lat="43.842850000000006" lon="-79.47638">
    <ele>210.73000000000002</ele>
   </trkpt>
   <trkpt lat="43.84310000000001" lon="-79.47640000000001">
    <ele>210.53000000000003</ele>
   </trkpt>
   <trkpt lat="43.843340000000005" lon="-79.47644000000001">
    <ele>210.11</ele>
   </trkpt>
   <trkpt lat="43.843900000000005" lon="-79.47664">
    <ele>208.39000000000001</ele>
   </trkpt>
   <trkpt lat="43.84469666767266" lon="-79.47697999091788">
    <ele>207.33</ele>
   </trkpt>
   <trkpt lat="43.845493334337334" lon="-79.47731999091688">
    <ele>206.89000000000001</ele>
   </trkpt>
   <trkpt lat="43.84629" lon="-79.47766">
    <ele>206.59000000000003</ele>
   </trkpt>
   <trkpt lat="43.84702000023493" lon="-79.47791499686231">
    <ele>206.74</ele>
   </trkpt>
   <trkpt lat="43.847750000000005" lon="-79.47817">
    <ele>207.28000000000003</ele>
   </trkpt>
   <trkpt lat="43.84794" lon="-79.47822000000001">
    <ele>207.56000000000003</ele>
   </trkpt>
   <trkpt lat="43.848150000000004" lon="-79.47825">
    <ele>207.93</ele>
   </trkpt>
   <trkpt lat="43.848180000000006" lon="-79.47822000000001">
    <ele>207.93</ele>
   </trkpt>
   <trkpt lat="43.84827000000001" lon="-79.47793">
    <ele>206.8</ele>
   </trkpt>
   <trkpt lat="43.84834" lon="-79.4778">
    <ele>206.35</ele>
   </trkpt>
   <trkpt lat="43.848490000000005" lon="-79.47704">
    <ele>205.79000000000002</ele>
   </trkpt>
   <trkpt lat="43.848580004851534" lon="-79.47598500160403">
    <ele>205.02</ele>
   </trkpt>
   <trkpt lat="43.848670000000006" lon="-79.47493">
    <ele>203.78</ele>
   </trkpt>
   <trkpt lat="43.848670000000006" lon="-79.47404">
    <ele>202.17000000000002</ele>
   </trkpt>
   <trkpt lat="43.84863000000001" lon="-79.47299000000001">
    <ele>202.16</ele>
   </trkpt>
   <trkpt lat="43.84864" lon="-79.47194">
    <ele>201.99</ele>
   </trkpt>
   <trkpt lat="43.84873" lon="-79.47095">
    <ele>200.86</ele>
   </trkpt>
   <trkpt lat="43.84879" lon="-79.47071000000001">
    <ele>200.29000000000002</ele>
   </trkpt>
   <trkpt lat="43.848915001949294" lon="-79.47004000144607">
    <ele>200.39000000000001</ele>
   </trkpt>
   <trkpt lat="43.84904" lon="-79.46937000000001">
    <ele>201.18000000000004</ele>
   </trkpt>
   <trkpt lat="43.84921500220891" lon="-79.46865500217929">
    <ele>200.89000000000001</ele>
   </trkpt>
   <trkpt lat="43.84939000000001" lon="-79.46794000000001">
    <ele>200.63</ele>
   </trkpt>
   <trkpt lat="43.84977000000001" lon="-79.46712000000001">
    <ele>200.24000000000004</ele>
   </trkpt>
   <trkpt lat="43.849700000000006" lon="-79.46703000000001">
    <ele>200.24000000000004</ele>
   </trkpt>
   <trkpt lat="43.8491100025873" lon="-79.46648665592969">
    <ele>199.72</ele>
   </trkpt>
   <trkpt lat="43.84852000260041" lon="-79.4659433226086">
    <ele>199.14000000000001</ele>
   </trkpt>
   <trkpt lat="43.847930000000005" lon="-79.4654">
    <ele>198.62</ele>
   </trkpt>
   <trkpt lat="43.84787" lon="-79.46545">
    <ele>198.28</ele>
   </trkpt>
   <trkpt lat="43.847570001500614" lon="-79.46604500307755">
    <ele>197.66</ele>
   </trkpt>
   <trkpt lat="43.84727" lon="-79.46664000000001">
    <ele>197.56</ele>
   </trkpt>
   <trkpt lat="43.847060000000006" lon="-79.46758000000001">
    <ele>198.01000000000002</ele>
   </trkpt>
   <trkpt lat="43.84711" lon="-79.46772">
    <ele>198.28</ele>
   </trkpt>
   <trkpt lat="43.84763" lon="-79.468">
    <ele>198.71</ele>
   </trkpt>
   <trkpt lat="43.84774" lon="-79.46795">
    <ele>198.71</ele>
   </trkpt>
   <trkpt lat="43.847970000000004" lon="-79.46722000000001">
    <ele>198.88000000000002</ele>
   </trkpt>
   <trkpt lat="43.84805" lon="-79.46701">
    <ele>198.93</ele>
   </trkpt>
   <trkpt lat="43.848130000000005" lon="-79.46695000000001">
    <ele>198.93</ele>
   </trkpt>
   <trkpt lat="43.848760000000006" lon="-79.46737">
    <ele>199.41</ele>
   </trkpt>
   <trkpt lat="43.84859" lon="-79.46804">
    <ele>199.86</ele>
   </trkpt>
   <trkpt lat="43.848490000000005" lon="-79.46848">
    <ele>200.0</ele>
   </trkpt>
  </trkseg>
 </trk>
</gpx>
